Diio,Fundo,Tipo ganado,Estado reproductivo,Edad (meses),Último peso (kg),Último pesaje,Ganancia periodo (kg/dia),Proyección periodo (kg),Ganancia acumulada (kg/dia),Proyección acumulada (kg)
14534412,feedlot,Novillo,,98.6,411,"""2019-12-12T00:00:00.000Z""",0.65,1927,1.19,3173
14534368,feedlot,Novillo,,98.6,400,"""2019-12-12T00:00:00.000Z""",0.85,2362,1.12,2992
14534468,feedlot,Novillo,,98.6,438,"""2019-12-12T00:00:00.000Z""",1.02,2802,1.38,3627
14534392,feedlot,Novillo,,98.6,448,"""2019-12-12T00:00:00.000Z""",1.19,3213,1.72,4438
14534447,feedlot,Novillo,,98.6,408,"""2019-12-12T00:00:00.000Z""",0.79,2236,1.26,3324
14534398,feedlot,Novillo,,98.6,430,"""2019-12-12T00:00:00.000Z""",0.88,2481,1.31,3465
14534352,feedlot,Novillo,,98.6,419,"""2019-12-12T00:00:00.000Z""",0.27,1043,1.16,3113
14534341,feedlot,Novillo,,98.6,441,"""2019-12-12T00:00:00.000Z""",0.87,2448,1.4,3698
14534421,feedlot,Novillo,,98.6,431,"""2019-12-12T00:00:00.000Z""",0.98,2705,1.31,3466
14534445,feedlot,Novillo,,98.6,410,"""2019-12-12T00:00:00.000Z""",0.73,2105,1.3,3428
14534385,feedlot,Novillo,,98.6,439,"""2019-12-12T00:00:00.000Z""",1.21,3249,1.48,3866
14534424,feedlot,Novillo,,98.6,431,"""2019-12-12T00:00:00.000Z""",0.79,2259,1.32,3483
14534478,feedlot,Novillo,,98.6,403,"""2019-12-12T00:00:00.000Z""",0.65,1919,1.07,2893
14534462,feedlot,Novillo,,98.6,448,"""2019-12-12T00:00:00.000Z""",1.08,2945,1.54,4029
14534449,feedlot,Novillo,,98.6,457,"""2019-12-12T00:00:00.000Z""",1,2776,1.66,4311
14534442,feedlot,Novillo,,98.6,452,"""2019-12-12T00:00:00.000Z""",1.12,3039,1.44,3794
14534411,feedlot,Novillo,,98.6,409,"""2019-12-12T00:00:00.000Z""",0.65,1925,1.32,3478
14534366,feedlot,Novillo,,98.6,418,"""2019-12-12T00:00:00.000Z""",0.75,2157,1.31,3453
14534472,feedlot,Novillo,,98.6,414,"""2019-12-12T00:00:00.000Z""",0.02,459,1.21,3210
14534461,feedlot,Novillo,,98.6,400,"""2019-12-12T00:00:00.000Z""",0.79,2228,1.1,2958
14534409,feedlot,Novillo,,98.6,400,"""2019-12-12T00:00:00.000Z""",0.88,2451,1.27,3350
14534405,feedlot,Novillo,,98.6,405,"""2019-12-12T00:00:00.000Z""",0.46,1475,1.38,3611
14534360,feedlot,Novillo,,98.6,367,"""2019-12-12T00:00:00.000Z""",0.75,2106,1.01,2720
14534399,feedlot,Novillo,,98.6,384,"""2019-12-12T00:00:00.000Z""",0.35,1187,1.07,2874
14534382,feedlot,Novillo,,98.6,427,"""2019-12-12T00:00:00.000Z""",0.96,2657,1.41,3701
14534396,feedlot,Novillo,,98.6,411,"""2019-12-12T00:00:00.000Z""",0.63,1883,1.24,3293
14534370,feedlot,Novillo,,98.6,417,"""2019-12-12T00:00:00.000Z""",0.54,1666,1.21,3213
14534429,feedlot,Novillo,,98.6,426,"""2019-12-12T00:00:00.000Z""",0.85,2388,1.41,3700
14534481,feedlot,Novillo,,98.6,418,"""2019-12-12T00:00:00.000Z""",0.44,1444,1.23,3266
14534365,feedlot,Novillo,,98.6,437,"""2019-12-12T00:00:00.000Z""",0.69,2042,1.39,3660
14534436,feedlot,Novillo,,98.6,451,"""2019-12-12T00:00:00.000Z""",0.88,2502,1.43,3776
14534458,feedlot,Novillo,,98.6,385,"""2019-12-12T00:00:00.000Z""",0.81,2258,1.15,3045
14534464,feedlot,Novillo,,98.6,442,"""2019-12-12T00:00:00.000Z""",0.96,2672,1.43,3750
14534357,feedlot,Novillo,,98.6,416,"""2019-12-12T00:00:00.000Z""",0.6,1798,1.35,3536
14534347,feedlot,Novillo,,98.6,419,"""2019-12-12T00:00:00.000Z""",0.71,2069,1.39,3642
14534471,feedlot,Novillo,,98.6,423,"""2019-12-12T00:00:00.000Z""",0.27,1047,1.26,3339
14534439,feedlot,Novillo,,98.6,440,"""2019-12-12T00:00:00.000Z""",0.69,2045,1.5,3919
14534377,feedlot,Novillo,,98.6,404,"""2019-12-12T00:00:00.000Z""",0.29,1073,1.28,3371
14534459,feedlot,Novillo,,98.6,404,"""2019-10-21T00:00:00.000Z""",1.19,3227,1.87,4836
18086742,feedlot,Novillo,,98.6,447,"""2019-09-30T00:00:00.000Z""",2.47,6352,2.57,6598
21430620,San Pedro,Vaquilla,Preñada,91.3,291,"""2019-09-23T00:00:00.000Z""",0.83,2290,0.34,1109
21430606,San Pedro,Vaquilla,Preñada,91,313,"""2019-09-23T00:00:00.000Z""",1.25,3312,0.78,2179
20055823,San Pedro,Vaquilla,Vacía,91.3,289,"""2019-09-23T00:00:00.000Z""",1.42,3688,0.69,1952
18859792,San Pedro,Vaquilla,Preñada,91.3,307,"""2019-09-23T00:00:00.000Z""",1.63,4205,0.45,1377
18859791,San Pedro,Vaquilla,Preñada,92.8,329,"""2019-09-23T00:00:00.000Z""",1.38,3628,0.41,1309
18859788,San Pedro,Vaquilla,Preñada,92.4,302,"""2019-09-23T00:00:00.000Z""",1.33,3501,0.67,1911
18859789,San Pedro,Vaquilla,Preñada,91.3,310,"""2019-09-23T00:00:00.000Z""",1.29,3409,0.75,2101
18859787,San Pedro,Vaquilla,Preñada,92.1,309,"""2019-09-23T00:00:00.000Z""",0.74,2094,0.7,1986
18859771,San Pedro,Vaquilla,Preñada,91.3,295,"""2019-09-23T00:00:00.000Z""",1.38,3594,0.71,1988
16464324,San Pedro,Vaquilla,Preñada,91.5,292,"""2019-09-23T00:00:00.000Z""",0.96,2591,0.69,1954
26250928,San Pedro,Vaquilla,Vacía,90.8,284,"""2019-09-23T00:00:00.000Z""",0.96,2583,0.45,1362
23547643,San Pedro,Vaquilla,Preñada,92.9,288,"""2019-09-23T00:00:00.000Z""",0.83,2287,0.61,1750
23547659,San Pedro,Vaquilla,Preñada,92.3,301,"""2019-09-23T00:00:00.000Z""",1.25,3300,0.68,1926
23547648,San Pedro,Vaquilla,Preñada,91,308,"""2019-09-23T00:00:00.000Z""",1.38,3607,0.76,2133
25836201,San Pedro,Vaquilla,Preñada,91.6,296,"""2019-09-23T00:00:00.000Z""",1.46,3795,0.69,1947
25890409,San Pedro,Vaquilla,Preñada,92.2,318,"""2019-09-23T00:00:00.000Z""",1.67,4316,0.71,2024
24190480,San Pedro,Vaquilla,Preñada,93.3,352,"""2019-09-23T00:00:00.000Z""",1.88,4850,0.31,1085
25836396,San Pedro,Vaquilla,Preñada,91.4,277,"""2019-09-23T00:00:00.000Z""",0.79,2176,0.65,1843
25836380,San Pedro,Vaquilla,Preñada,92.1,318,"""2019-09-23T00:00:00.000Z""",1.46,3817,0.73,2068
25836371,San Pedro,Vaquilla,Preñada,91.3,276,"""2019-09-23T00:00:00.000Z""",1.29,3375,0.65,1841
25836369,San Pedro,Vaquilla,Preñada,92.1,295,"""2019-09-23T00:00:00.000Z""",1.58,4093,0.67,1894
25836356,San Pedro,Vaquilla,Preñada,91,283,"""2019-09-23T00:00:00.000Z""",1.29,3382,0.69,1945
25836349,San Pedro,Vaquilla,Vacía,92,292,"""2019-09-23T00:00:00.000Z""",1.42,3691,0.66,1873
25836343,San Pedro,Vaquilla,Preñada,91.1,324,"""2019-09-23T00:00:00.000Z""",1.42,3723,0.8,2242
25836334,San Pedro,Vaquilla,Preñada,91.1,279,"""2019-09-23T00:00:00.000Z""",1.38,3578,0.69,1924
25836331,San Pedro,Vaquilla,Preñada,91.7,299,"""2019-09-23T00:00:00.000Z""",1.46,3798,0.69,1966
25836314,San Pedro,Vaquilla,Preñada,90.9,273,"""2019-09-23T00:00:00.000Z""",1.17,3072,0.27,929
25836299,San Pedro,Vaquilla,Vacía,91.9,322,"""2019-09-23T00:00:00.000Z""",1.46,3821,0.75,2114
25836296,San Pedro,Vaquilla,Preñada,92.1,325,"""2019-09-23T00:00:00.000Z""",1.67,4323,0.74,2097
25836285,San Pedro,Vaquilla,Preñada,92.2,300,"""2019-09-23T00:00:00.000Z""",1.75,4498,0.68,1931
25836255,San Pedro,Vaquilla,Preñada,91.2,306,"""2019-09-23T00:00:00.000Z""",2.08,5304,0.75,2094
25836254,San Pedro,Vaquilla,Preñada,90.9,301,"""2019-09-23T00:00:00.000Z""",1.08,2900,0.32,1065
25836245,San Pedro,Vaquilla,Preñada,93.2,316,"""2019-09-23T00:00:00.000Z""",1,2715,0.46,1416
25836227,San Pedro,Vaquilla,Vacía,91.9,323,"""2019-09-23T00:00:00.000Z""",1.46,3822,0.75,2121
25836221,San Pedro,Vaquilla,Preñada,91.5,304,"""2019-09-23T00:00:00.000Z""",0.83,2303,0.72,2034
25836217,San Pedro,Vaquilla,Preñada,92.1,320,"""2019-09-23T00:00:00.000Z""",1.17,3119,0.73,2070
25836216,San Pedro,Vaquilla,Preñada,90.5,298,"""2019-09-23T00:00:00.000Z""",1.21,3197,0.4,1248
25839203,San Pedro,Vaquilla,Preñada,93.2,333,"""2019-09-23T00:00:00.000Z""",2.25,5731,0.46,1443
25836200,San Pedro,Vaquilla,Preñada,91.2,293,"""2019-09-23T00:00:00.000Z""",1.21,3192,0.71,1986
25836190,San Pedro,Vaquilla,Preñada,92.2,321,"""2019-09-23T00:00:00.000Z""",1.33,3520,0.73,2067
25836188,San Pedro,Vaquilla,Preñada,91.4,292,"""2019-09-23T00:00:00.000Z""",1.54,3990,0.69,1955
25836171,San Pedro,Vaquilla,Preñada,91.1,309,"""2019-09-23T00:00:00.000Z""",1.54,4007,0.76,2129
25836176,San Pedro,Vaquilla,Preñada,92,298,"""2019-09-23T00:00:00.000Z""",1.33,3497,0.68,1921
25836158,San Pedro,Vaquilla,Preñada,90.4,303,"""2019-09-23T00:00:00.000Z""",1.46,3802,0.37,1184
25836151,San Pedro,Vaquilla,Vacía,91.5,276,"""2019-09-23T00:00:00.000Z""",1.21,3175,0.25,881
25836147,San Pedro,Vaquilla,Preñada,91.8,285,"""2019-09-23T00:00:00.000Z""",1.29,3384,0.65,1854
22620310,San Pedro,Vaquilla,Preñada,91.3,273,"""2019-09-23T00:00:00.000Z""",1.08,2872,0.65,1828
22620329,San Pedro,Vaquilla,Preñada,90.8,264,"""2019-09-23T00:00:00.000Z""",1.13,2963,0.24,843
21430636,San Pedro,Vaquilla,Vacía,91.1,288,"""2019-09-23T00:00:00.000Z""",1.54,3986,0.7,1972
14476495,San Pedro,Vaquilla,Preñada,92.9,322,"""2019-09-23T00:00:00.000Z""",1,2721,0.68,1959
14476497,San Pedro,Vaquilla,Preñada,92.9,309,"""2019-09-23T00:00:00.000Z""",1.38,3608,0.65,1867
14476498,San Pedro,Vaquilla,Preñada,92.9,315,"""2019-09-23T00:00:00.000Z""",0.96,2614,0.67,1918
14476505,San Pedro,Vaquilla,Preñada,92.9,315,"""2019-09-23T00:00:00.000Z""",1.21,3214,0.67,1918
14476525,San Pedro,Vaquilla,Preñada,92.8,331,"""2019-09-23T00:00:00.000Z""",1.42,3730,0.71,2034
14476534,San Pedro,Vaquilla,Vacía,92.8,305,"""2019-09-23T00:00:00.000Z""",1.29,3404,0.36,1180
14476553,San Pedro,Vaquilla,Preñada,92.8,311,"""2019-09-23T00:00:00.000Z""",1.67,4309,0.67,1914
14476569,San Pedro,Vaquilla,Preñada,92.7,307,"""2019-09-23T00:00:00.000Z""",1.33,3506,0.32,1083
14476575,San Pedro,Vaquilla,Preñada,92.6,286,"""2019-09-23T00:00:00.000Z""",1.13,2985,0.63,1785
14476579,San Pedro,Vaquilla,Preñada,92.6,349,"""2019-09-23T00:00:00.000Z""",1.88,4847,0.77,2189
14476581,San Pedro,Vaquilla,Preñada,92.4,295,"""2019-09-23T00:00:00.000Z""",1.21,3194,0.65,1853
14476584,San Pedro,Vaquilla,Preñada,92.4,302,"""2019-09-23T00:00:00.000Z""",1,2701,0.67,1905
14476585,San Pedro,Vaquilla,Preñada,92.4,279,"""2019-09-23T00:00:00.000Z""",1.13,2978,0.6,1718
14476588,San Pedro,Vaquilla,Preñada,92.4,308,"""2019-09-23T00:00:00.000Z""",1.42,3707,0.69,1964
14476591,San Pedro,Vaquilla,Preñada,92.3,331,"""2019-09-23T00:00:00.000Z""",1.71,4429,0.74,2101
14476593,San Pedro,Vaquilla,Preñada,92.3,304,"""2019-09-23T00:00:00.000Z""",1.38,3603,0.68,1927
14476594,San Pedro,Vaquilla,Preñada,92.3,317,"""2019-09-23T00:00:00.000Z""",1.63,4215,0.71,2016
14476596,San Pedro,Vaquilla,Preñada,92.3,308,"""2019-09-23T00:00:00.000Z""",1.38,3607,0.69,1954
16464004,San Pedro,Vaquilla,Preñada,92.3,320,"""2019-09-23T00:00:00.000Z""",1.13,3019,0.72,2039
16464006,San Pedro,Vaquilla,Preñada,92.3,343,"""2019-09-23T00:00:00.000Z""",1.5,3942,0.78,2204
16464010,San Pedro,Vaquilla,Vacía,92.3,314,"""2019-09-23T00:00:00.000Z""",1.17,3113,0.71,2010
16464012,San Pedro,Vaquilla,Vacía,92.3,313,"""2019-09-23T00:00:00.000Z""",0.67,1912,0.69,1973
16464013,San Pedro,Vaquilla,Preñada,92.3,284,"""2019-09-23T00:00:00.000Z""",1.54,3982,0.62,1767
16464015,San Pedro,Vaquilla,Preñada,92.3,339,"""2019-09-23T00:00:00.000Z""",1.58,4137,0.75,2147
16464017,San Pedro,Vaquilla,Preñada,92.3,319,"""2019-09-23T00:00:00.000Z""",2.04,5217,0.72,2044
16464018,San Pedro,Vaquilla,Preñada,92.3,328,"""2019-09-23T00:00:00.000Z""",1.75,4526,0.74,2101
16464019,San Pedro,Vaquilla,Vacía,92.2,241,"""2019-09-23T00:00:00.000Z""",1.79,4539,0.53,1520
16464021,San Pedro,Vaquilla,Vacía,92.2,305,"""2019-09-23T00:00:00.000Z""",1.58,4103,0.68,1946
16464024,San Pedro,Vaquilla,Vacía,92.2,280,"""2019-09-23T00:00:00.000Z""",1.54,3978,0.63,1790
16464026,San Pedro,Vaquilla,Preñada,92.2,327,"""2019-09-23T00:00:00.000Z""",1.79,4625,0.74,2110
16464032,San Pedro,Vaquilla,Preñada,92.2,311,"""2019-09-23T00:00:00.000Z""",1,2710,0.69,1975
16464038,San Pedro,Vaquilla,Preñada,92.2,297,"""2019-09-23T00:00:00.000Z""",1.42,3696,0.67,1894
16464039,San Pedro,Vaquilla,Vacía,92.2,297,"""2019-09-23T00:00:00.000Z""",0.83,2296,0.66,1888
16464043,San Pedro,Vaquilla,Preñada,92.2,313,"""2019-09-23T00:00:00.000Z""",1.42,3712,0.71,2017
16464044,San Pedro,Vaquilla,Preñada,92.2,302,"""2019-09-23T00:00:00.000Z""",0.55,1619,0.68,1923
16464045,San Pedro,Vaquilla,Vacía,92.2,296,"""2019-09-23T00:00:00.000Z""",1.17,3095,0.66,1887
16464047,San Pedro,Vaquilla,Preñada,92.2,322,"""2019-09-23T00:00:00.000Z""",1.71,4420,0.72,2050
16464050,San Pedro,Vaquilla,Preñada,92.2,320,"""2019-09-23T00:00:00.000Z""",1.38,3619,0.72,2036
16464051,San Pedro,Vaquilla,Preñada,92.2,273,"""2019-09-23T00:00:00.000Z""",1.21,3172,0.62,1769
16464054,San Pedro,Vaquilla,Preñada,92.2,307,"""2019-09-23T00:00:00.000Z""",1.13,3006,0.68,1934
16464057,San Pedro,Vaquilla,Preñada,92.2,291,"""2019-09-23T00:00:00.000Z""",1.38,3590,0.65,1859
16464062,San Pedro,Vaquilla,Preñada,92.2,321,"""2019-09-23T00:00:00.000Z""",1.54,4019,0.73,2077
16464067,San Pedro,Vaquilla,Preñada,92.2,328,"""2019-09-23T00:00:00.000Z""",1.71,4426,0.74,2108
16464071,San Pedro,Vaquilla,Preñada,92.2,315,"""2019-09-23T00:00:00.000Z""",1.54,4013,0.71,2023
16464072,San Pedro,Vaquilla,Vacía,92.2,308,"""2019-09-23T00:00:00.000Z""",1.42,3707,0.69,1969
16464076,San Pedro,Vaquilla,Vacía,92.2,279,"""2019-09-23T00:00:00.000Z""",1.54,3977,0.62,1761
16464077,San Pedro,Vaquilla,Preñada,92.2,323,"""2019-09-23T00:00:00.000Z""",1.71,4421,0.73,2085
16464078,San Pedro,Vaquilla,Preñada,92.2,311,"""2019-09-23T00:00:00.000Z""",1.21,3210,0.7,1990
16464079,San Pedro,Vaquilla,Preñada,92.2,314,"""2019-09-23T00:00:00.000Z""",1.42,3713,0.71,2022
16464085,San Pedro,Vaquilla,Vacía,92.1,307,"""2019-09-23T00:00:00.000Z""",1.54,4005,0.69,1972
16464092,San Pedro,Vaquilla,Vacía,92.1,341,"""2019-09-23T00:00:00.000Z""",1.71,4439,0.77,2191
16464098,San Pedro,Vaquilla,Preñada,92.1,265,"""2019-09-23T00:00:00.000Z""",0.79,2164,0.58,1667
16464064,San Pedro,Vaquilla,Preñada,92.2,295,"""2019-09-23T00:00:00.000Z""",1.25,3294,0.67,1894
16464110,San Pedro,Vaquilla,Preñada,92.1,329,"""2019-09-23T00:00:00.000Z""",1.5,3928,0.75,2133
16464115,San Pedro,Vaquilla,Vacía,92.1,305,"""2019-09-23T00:00:00.000Z""",1.29,3404,0.69,1964
16464128,San Pedro,Vaquilla,Preñada,92.1,345,"""2019-09-23T00:00:00.000Z""",1.75,4543,0.81,2287
16464137,San Pedro,Vaquilla,Preñada,92.1,342,"""2019-09-23T00:00:00.000Z""",1.88,4840,0.79,2230
16464139,San Pedro,Vaquilla,Preñada,92.1,291,"""2019-09-23T00:00:00.000Z""",1.13,2990,0.66,1866
16464143,San Pedro,Vaquilla,Vacía,92.1,306,"""2019-09-23T00:00:00.000Z""",1.04,2805,0.69,1959
16464153,San Pedro,Vaquilla,Preñada,92,312,"""2019-09-23T00:00:00.000Z""",1.25,3311,0.7,2002
16464158,San Pedro,Vaquilla,Preñada,92,289,"""2019-09-23T00:00:00.000Z""",1.13,2988,0.65,1852
16464159,San Pedro,Vaquilla,Preñada,92,307,"""2019-09-23T00:00:00.000Z""",1.42,3706,0.69,1972
16464161,San Pedro,Vaquilla,Preñada,92,317,"""2019-09-23T00:00:00.000Z""",1.38,3616,0.72,2043
16464138,San Pedro,Vaquilla,Preñada,92.1,299,"""2019-09-23T00:00:00.000Z""",1.38,3598,0.68,1920
16464170,San Pedro,Vaquilla,Preñada,92,283,"""2019-09-23T00:00:00.000Z""",1.42,3682,0.64,1814
16464174,San Pedro,Vaquilla,Preñada,92,289,"""2019-09-23T00:00:00.000Z""",1.13,2988,0.66,1880
16464176,San Pedro,Vaquilla,Preñada,92,276,"""2019-09-23T00:00:00.000Z""",1.38,3575,0.63,1783
16464177,San Pedro,Vaquilla,Vacía,92,327,"""2019-09-23T00:00:00.000Z""",1.33,3526,0.75,2135
16464178,San Pedro,Vaquilla,Preñada,92,305,"""2019-09-23T00:00:00.000Z""",1.46,3804,0.7,1987
16464184,San Pedro,Vaquilla,Vacía,92,311,"""2019-09-23T00:00:00.000Z""",1.75,4509,0.71,2009
16464185,San Pedro,Vaquilla,Preñada,92,323,"""2019-09-23T00:00:00.000Z""",1.25,3322,0.74,2094
16464189,San Pedro,Vaquilla,Preñada,92,297,"""2019-09-23T00:00:00.000Z""",1.29,3396,0.67,1910
16464196,San Pedro,Vaquilla,Preñada,92,295,"""2019-09-23T00:00:00.000Z""",0.67,1894,0.67,1896
16464192,San Pedro,Vaquilla,Preñada,92,293,"""2019-09-23T00:00:00.000Z""",1.25,3292,0.67,1902
16464200,San Pedro,Vaquilla,Preñada,91.9,321,"""2019-09-23T00:00:00.000Z""",1.63,4219,0.75,2113
16464203,San Pedro,Vaquilla,Preñada,91.9,306,"""2019-09-23T00:00:00.000Z""",1.63,4204,0.7,1982
16464214,San Pedro,Vaquilla,Preñada,91.9,300,"""2019-09-23T00:00:00.000Z""",1.29,3399,0.68,1928
16464217,San Pedro,Vaquilla,Preñada,91.9,329,"""2019-09-23T00:00:00.000Z""",1.58,4127,0.75,2139
16464218,San Pedro,Vaquilla,Preñada,91.9,323,"""2019-09-23T00:00:00.000Z""",0.96,2622,0.74,2096
16464226,San Pedro,Vaquilla,Preñada,91.9,314,"""2019-09-23T00:00:00.000Z""",1.71,4412,0.72,2049
16464236,San Pedro,Vaquilla,Vacía,91.8,312,"""2019-09-23T00:00:00.000Z""",1.79,4610,0.72,2033
16464237,San Pedro,Vaquilla,Preñada,91.8,300,"""2019-09-23T00:00:00.000Z""",1.54,3998,0.69,1960
16464239,San Pedro,Vaquilla,Preñada,91.8,290,"""2019-09-23T00:00:00.000Z""",0.83,2289,0.67,1893
16464240,San Pedro,Vaquilla,Vacía,91.8,304,"""2019-09-23T00:00:00.000Z""",1.5,3903,0.71,2005
16464241,San Pedro,Vaquilla,Preñada,91.8,297,"""2019-09-23T00:00:00.000Z""",1.42,3696,0.69,1943
16464255,San Pedro,Vaquilla,Preñada,91.7,316,"""2019-09-23T00:00:00.000Z""",1.21,3215,0.75,2104
16464259,San Pedro,Vaquilla,Preñada,91.7,299,"""2019-09-23T00:00:00.000Z""",1.21,3198,0.7,1976
16464262,San Pedro,Vaquilla,Vacía,91.7,299,"""2019-09-23T00:00:00.000Z""",1.21,3198,0.7,1981
16464263,San Pedro,Vaquilla,Preñada,91.7,312,"""2019-09-23T00:00:00.000Z""",1.33,3511,0.73,2068
16464265,San Pedro,Vaquilla,Preñada,91.7,316,"""2019-09-23T00:00:00.000Z""",1.46,3815,0.75,2109
16464245,San Pedro,Vaquilla,Preñada,91.8,325,"""2019-09-23T00:00:00.000Z""",1.33,3524,0.76,2160
16464250,San Pedro,Vaquilla,Vacía,91.7,295,"""2019-09-23T00:00:00.000Z""",0.75,2094,0.68,1937
16464269,San Pedro,Vaquilla,Preñada,91.6,314,"""2019-09-23T00:00:00.000Z""",1.13,3013,0.73,2071
16464271,San Pedro,Vaquilla,Preñada,91.6,314,"""2019-09-23T00:00:00.000Z""",1.75,4512,0.74,2084
16464272,San Pedro,Vaquilla,Preñada,91.6,326,"""2019-09-23T00:00:00.000Z""",1.79,4624,0.77,2177
16464273,San Pedro,Vaquilla,Vacía,91.6,263,"""2019-09-23T00:00:00.000Z""",1.04,2762,0.61,1727
16464276,San Pedro,Vaquilla,Vacía,91.6,281,"""2019-09-23T00:00:00.000Z""",1.71,4379,0.66,1857
16464282,San Pedro,Vaquilla,Preñada,91.6,320,"""2019-09-23T00:00:00.000Z""",1.21,3219,0.76,2140
16464284,San Pedro,Vaquilla,Vacía,91.6,338,"""2019-09-23T00:00:00.000Z""",1.46,3837,0.81,2282
16464286,San Pedro,Vaquilla,Preñada,91.6,312,"""2019-09-23T00:00:00.000Z""",1.29,3411,0.73,2069
16464287,San Pedro,Vaquilla,Preñada,91.6,305,"""2019-09-23T00:00:00.000Z""",1.13,3004,0.72,2025
16464290,San Pedro,Vaquilla,Vacía,91.6,294,"""2019-09-23T00:00:00.000Z""",1.21,3193,0.7,1964
16464293,San Pedro,Vaquilla,Preñada,91.6,315,"""2019-09-23T00:00:00.000Z""",1.25,3314,0.75,2103
16464295,San Pedro,Vaquilla,Vacía,91.6,285,"""2019-09-23T00:00:00.000Z""",1.04,2784,0.67,1899
16464297,San Pedro,Vaquilla,Vacía,91.6,307,"""2019-09-23T00:00:00.000Z""",1.5,3906,0.72,2039
16464298,San Pedro,Vaquilla,Preñada,91.6,292,"""2019-09-23T00:00:00.000Z""",1.04,2791,0.69,1937
16464307,San Pedro,Vaquilla,Preñada,91.6,320,"""2019-09-23T00:00:00.000Z""",1.33,3519,0.76,2133
16464296,San Pedro,Vaquilla,Vacía,91.6,299,"""2019-09-23T00:00:00.000Z""",1.21,3198,0.7,1986
16464326,San Pedro,Vaquilla,Preñada,91.6,336,"""2019-09-23T00:00:00.000Z""",1.79,4634,0.79,2241
16464327,San Pedro,Vaquilla,Preñada,91.6,288,"""2019-09-23T00:00:00.000Z""",0.88,2387,0.67,1906
16464328,San Pedro,Vaquilla,Preñada,91.6,310,"""2019-09-23T00:00:00.000Z""",0.67,1919,0.73,2059
16464309,San Pedro,Vaquilla,Preñada,91.6,319,"""2019-09-23T00:00:00.000Z""",1.63,4217,0.76,2131
16464310,San Pedro,Vaquilla,Preñada,91.5,303,"""2019-09-23T00:00:00.000Z""",1.33,3502,0.71,2015
16464311,San Pedro,Vaquilla,Preñada,91.5,295,"""2019-09-23T00:00:00.000Z""",0.79,2194,0.7,1969
16464318,San Pedro,Vaquilla,Vacía,91.5,331,"""2019-09-23T00:00:00.000Z""",1.63,4229,0.79,2224
16464319,San Pedro,Vaquilla,Vacía,91.5,292,"""2019-09-23T00:00:00.000Z""",1.42,3691,0.69,1948
16464320,San Pedro,Vaquilla,Vacía,91.5,277,"""2019-09-23T00:00:00.000Z""",1.13,2976,0.65,1833
16464322,San Pedro,Vaquilla,Preñada,91.5,284,"""2019-09-23T00:00:00.000Z""",1.38,3583,0.66,1877
16464323,San Pedro,Vaquilla,Vacía,91.5,319,"""2019-09-23T00:00:00.000Z""",1.25,3318,0.76,2137
20055914,San Pedro,Vaquilla,Preñada,91.3,302,"""2019-09-23T00:00:00.000Z""",1.38,3601,0.72,2036
16464840,San Pedro,Vaquilla,Preñada,91.4,297,"""2019-09-23T00:00:00.000Z""",1.33,3496,0.71,2002
16464832,San Pedro,Vaquilla,Vacía,93.3,357,"""2019-09-23T00:00:00.000Z""",1.83,4755,0.49,1530
16464465,San Pedro,Vaquilla,Preñada,91.3,265,"""2019-09-23T00:00:00.000Z""",1.04,2764,0.45,1351
16464798,San Pedro,Vaquilla,Vacía,90.1,276,"""2019-09-23T00:00:00.000Z""",1.21,3175,0.34,1096
16464445,San Pedro,Vaquilla,Preñada,91.3,308,"""2019-09-23T00:00:00.000Z""",1,2707,0.35,1147
16464796,San Pedro,Vaquilla,Vacía,90.1,275,"""2019-09-23T00:00:00.000Z""",1.25,3274,0.37,1167
16464321,San Pedro,Vaquilla,Preñada,91.9,344,"""2019-09-23T00:00:00.000Z""",1.96,5042,0.58,1737
16464789,San Pedro,Vaquilla,Preñada,90.2,285,"""2019-09-23T00:00:00.000Z""",1.38,3584,0.3,1015
16464780,San Pedro,Vaquilla,Vacía,90.3,297,"""2019-09-23T00:00:00.000Z""",1.5,3896,0.49,1479
16464638,San Pedro,Vaquilla,Vacía,90.9,264,"""2019-09-23T00:00:00.000Z""",1.25,3263,0.43,1295
16464382,San Pedro,Vaquilla,Vacía,91.5,335,"""2019-09-23T00:00:00.000Z""",1.58,4133,0.64,1859
16464692,San Pedro,Vaquilla,Vacía,90.7,274,"""2019-09-23T00:00:00.000Z""",1.38,3573,0.3,993
16464772,San Pedro,Vaquilla,Vacía,90.3,272,"""2019-09-23T00:00:00.000Z""",1.17,3071,0.35,1106
16464735,San Pedro,Vaquilla,Preñada,90.5,315,"""2019-09-23T00:00:00.000Z""",1.46,3814,0.51,1536
16464740,San Pedro,Vaquilla,Preñada,90.5,286,"""2019-09-23T00:00:00.000Z""",1.33,3485,0.36,1155
16464725,San Pedro,Vaquilla,Preñada,90.5,296,"""2019-09-23T00:00:00.000Z""",1.67,4294,0.35,1142
16464724,San Pedro,Vaquilla,Preñada,90.5,304,"""2019-09-23T00:00:00.000Z""",1.25,3303,0.44,1370
16464719,San Pedro,Vaquilla,Vacía,90.6,271,"""2019-09-23T00:00:00.000Z""",1.13,2970,0.33,1059
16464697,San Pedro,Vaquilla,Preñada,90.7,264,"""2019-09-23T00:00:00.000Z""",1.25,3263,0.25,855
16464712,San Pedro,Vaquilla,Preñada,90.6,310,"""2019-09-23T00:00:00.000Z""",1.92,4908,0.38,1214
16464709,San Pedro,Vaquilla,Preñada,90.6,286,"""2019-09-23T00:00:00.000Z""",0.63,1785,0.3,1005
16464708,San Pedro,Vaquilla,Preñada,90.6,285,"""2019-09-23T00:00:00.000Z""",1.46,3784,0.42,1282
16464706,San Pedro,Vaquilla,Preñada,90.6,296,"""2019-09-23T00:00:00.000Z""",1.63,4194,0.43,1316
16464703,San Pedro,Vaquilla,Preencaste,90.6,290,"""2019-09-23T00:00:00.000Z""",1.54,3988,0.31,1032
16464687,San Pedro,Vaquilla,Preñada,90.7,259,"""2019-09-23T00:00:00.000Z""",1.38,3558,0.25,862
16464686,San Pedro,Vaquilla,Preñada,90.7,291,"""2019-09-23T00:00:00.000Z""",1.63,4189,0.4,1241
16464681,San Pedro,Vaquilla,Preñada,90.7,281,"""2019-09-23T00:00:00.000Z""",1.29,3380,0.39,1208
16464781,San Pedro,Vaquilla,Vacía,90.7,293,"""2019-09-23T00:00:00.000Z""",1.63,4191,0.42,1301
16464679,San Pedro,Vaquilla,Vacía,90.7,290,"""2019-09-23T00:00:00.000Z""",1.33,3489,0.31,1032
16464673,San Pedro,Vaquilla,Preñada,90.8,305,"""2019-09-23T00:00:00.000Z""",1.38,3604,0.4,1262
16464672,San Pedro,Vaquilla,Preñada,90.8,293,"""2019-09-23T00:00:00.000Z""",1.17,3092,0.42,1301
16464670,San Pedro,Vaquilla,Preñada,90.8,287,"""2019-09-23T00:00:00.000Z""",1.42,3686,0.43,1320
16464668,San Pedro,Vaquilla,Preñada,90.8,317,"""2019-09-23T00:00:00.000Z""",1.33,3516,0.45,1393
16464666,San Pedro,Vaquilla,Preñada,90.8,312,"""2019-09-23T00:00:00.000Z""",1.29,3411,0.42,1312
16464664,San Pedro,Vaquilla,Preñada,90.8,280,"""2019-09-23T00:00:00.000Z""",1.08,2879,0.38,1184
16464660,San Pedro,Vaquilla,Preñada,90.8,293,"""2019-09-23T00:00:00.000Z""",1.46,3792,0.35,1121
16464654,San Pedro,Vaquilla,Preencaste,90.8,296,"""2019-09-23T00:00:00.000Z""",1.25,3295,0.48,1447
16464651,San Pedro,Vaquilla,Preñada,90.8,307,"""2019-09-23T00:00:00.000Z""",1.5,3906,0.4,1276
16464650,San Pedro,Vaquilla,Preñada,90.8,282,"""2019-09-23T00:00:00.000Z""",1.04,2781,0.39,1218
16464645,San Pedro,Vaquilla,Vacía,90.9,300,"""2019-09-23T00:00:00.000Z""",11.42,27689,0.51,1516
16464644,San Pedro,Vaquilla,Preñada,90.9,271,"""2019-09-23T00:00:00.000Z""",1.21,3170,0.44,1325
16464634,San Pedro,Vaquilla,Vacía,90.9,309,"""2019-09-23T00:00:00.000Z""",1.71,4407,0.41,1299
16464632,San Pedro,Vaquilla,Preñada,90.9,335,"""2019-09-23T00:00:00.000Z""",1,2734,0.54,1637
16464631,San Pedro,Vaquilla,Preñada,90.9,305,"""2019-09-23T00:00:00.000Z""",1.25,3304,0.4,1262
16464630,San Pedro,Vaquilla,Preñada,90.9,312,"""2019-09-23T00:00:00.000Z""",1.67,4310,0.48,1474
16464627,San Pedro,Vaquilla,Preñada,90.9,301,"""2019-09-23T00:00:00.000Z""",1.17,3100,0.49,1474
16464625,San Pedro,Vaquilla,Preñada,90.9,335,"""2019-09-23T00:00:00.000Z""",1.71,4433,0.48,1475
16464621,San Pedro,Vaquilla,Preñada,90.9,304,"""2019-09-23T00:00:00.000Z""",1.42,3703,0.45,1380
16464613,San Pedro,Vaquilla,Preñada,91,278,"""2019-09-23T00:00:00.000Z""",1.08,2877,0.38,1182
16464612,San Pedro,Vaquilla,Preñada,91,326,"""2019-09-23T00:00:00.000Z""",1.5,3925,0.47,1456
16464610,San Pedro,Vaquilla,Preñada,91,292,"""2019-09-23T00:00:00.000Z""",1.5,3891,0.41,1282
16464607,San Pedro,Vaquilla,Preñada,91,290,"""2019-09-23T00:00:00.000Z""",0.83,2289,0.36,1161
16464593,San Pedro,Vaquilla,Preñada,91,333,"""2019-09-23T00:00:00.000Z""",1.88,4831,0.83,2315
16464591,San Pedro,Vaquilla,Preñada,91,287,"""2019-09-23T00:00:00.000Z""",1.25,3286,0.7,1962
16464586,San Pedro,Vaquilla,Preñada,91,299,"""2019-09-23T00:00:00.000Z""",1.42,3698,0.73,2061
16464582,San Pedro,Vaquilla,Preñada,91,323,"""2019-09-23T00:00:00.000Z""",1.83,4721,0.8,2241
16464581,San Pedro,Vaquilla,Vacía,91,285,"""2019-09-23T00:00:00.000Z""",1.25,3284,0.7,1956
16464578,San Pedro,Vaquilla,Preñada,91.1,336,"""2019-09-23T00:00:00.000Z""",1.79,4634,0.83,2325
16464573,San Pedro,Vaquilla,Preñada,91.1,341,"""2019-09-23T00:00:00.000Z""",1.83,4739,0.85,2376
16464572,San Pedro,Vaquilla,Vacía,91.1,268,"""2019-09-23T00:00:00.000Z""",0.96,2567,0.65,1822
16464566,San Pedro,Vaquilla,Vacía,91.1,298,"""2019-09-23T00:00:00.000Z""",1.54,3996,0.73,2060
16464560,San Pedro,Vaquilla,Vacía,91.1,346,"""2019-09-23T00:00:00.000Z""",1.92,4944,0.86,2413
16464559,San Pedro,Vaquilla,Preñada,91.1,331,"""2019-09-23T00:00:00.000Z""",1.63,4229,0.82,2288
16464555,San Pedro,Vaquilla,Preñada,91.1,294,"""2019-09-23T00:00:00.000Z""",1.75,4492,0.72,2023
16464551,San Pedro,Vaquilla,Preñada,91.1,303,"""2019-09-23T00:00:00.000Z""",1.29,3402,0.74,2084
16464548,San Pedro,Vaquilla,Preñada,91.1,286,"""2019-09-23T00:00:00.000Z""",1.38,3585,0.7,1963
16464518,San Pedro,Vaquilla,Preñada,91.1,272,"""2019-09-23T00:00:00.000Z""",1.13,2971,0.67,1871
16464512,San Pedro,Vaquilla,Preñada,91.1,286,"""2019-09-23T00:00:00.000Z""",1.5,3885,0.7,1963
16464499,San Pedro,Vaquilla,Preñada,91.2,325,"""2019-09-23T00:00:00.000Z""",1.29,3424,0.8,2249
16464490,San Pedro,Vaquilla,Preñada,91.2,284,"""2019-09-23T00:00:00.000Z""",1,2683,0.68,1926
16464489,San Pedro,Vaquilla,Preñada,91.2,318,"""2019-09-23T00:00:00.000Z""",0.83,2317,0.78,2178
16464477,San Pedro,Vaquilla,Preñada,91.3,353,"""2019-09-23T00:00:00.000Z""",1.75,4551,0.86,2413
16464476,San Pedro,Vaquilla,Preñada,91.3,281,"""2019-09-23T00:00:00.000Z""",1.54,3979,0.67,1887
16464541,San Pedro,Vaquilla,Preñada,91.4,282,"""2019-09-23T00:00:00.000Z""",1.13,2981,0.67,1901
16464536,San Pedro,Vaquilla,Preñada,91.4,288,"""2019-09-23T00:00:00.000Z""",0.96,2587,0.69,1951
16464460,San Pedro,Vaquilla,Vacía,91.3,329,"""2019-09-23T00:00:00.000Z""",1.79,4627,0.57,1701
16464458,San Pedro,Vaquilla,Preñada,91.3,273,"""2019-09-23T00:00:00.000Z""",1.33,3472,0.65,1832
16464457,San Pedro,Vaquilla,Preñada,91.3,273,"""2019-09-23T00:00:00.000Z""",1.17,3072,0.65,1826
16464450,San Pedro,Vaquilla,Preñada,91.3,285,"""2019-09-23T00:00:00.000Z""",1.33,3484,0.68,1908
16464447,San Pedro,Vaquilla,Preñada,91.3,352,"""2019-09-23T00:00:00.000Z""",3.29,8249,0.86,2414
16464442,San Pedro,Vaquilla,Preñada,91.3,296,"""2019-09-23T00:00:00.000Z""",1.79,4594,0.71,2001
16464440,San Pedro,Vaquilla,Preñada,91.3,285,"""2019-09-23T00:00:00.000Z""",0.58,1684,0.68,1914
16464439,San Pedro,Vaquilla,Preñada,91.3,322,"""2019-09-23T00:00:00.000Z""",1.5,3921,0.78,2193
16464436,San Pedro,Vaquilla,Preñada,91.3,315,"""2019-09-23T00:00:00.000Z""",1.38,3614,0.76,2129
16464433,San Pedro,Vaquilla,Preñada,91.3,272,"""2019-09-23T00:00:00.000Z""",1.13,2971,0.64,1818
16464428,San Pedro,Vaquilla,Preñada,91.4,305,"""2019-09-23T00:00:00.000Z""",1.46,3804,0.73,2068
16464427,San Pedro,Vaquilla,Preñada,91.4,275,"""2019-09-23T00:00:00.000Z""",1,2674,0.65,1834
16464425,San Pedro,Vaquilla,Vacía,91.4,264,"""2019-09-23T00:00:00.000Z""",1.21,3163,0.63,1778
16464422,San Pedro,Vaquilla,Preñada,91.4,286,"""2019-09-23T00:00:00.000Z""",1.54,3984,0.69,1940
16464542,San Pedro,Vaquilla,Preñada,91.4,297,"""2019-09-23T00:00:00.000Z""",1,2696,0.71,2002
16464539,San Pedro,Vaquilla,Preñada,91.4,312,"""2019-09-23T00:00:00.000Z""",1.54,4010,0.75,2100
16464537,San Pedro,Vaquilla,Preñada,91.4,266,"""2019-09-23T00:00:00.000Z""",1.21,3165,0.63,1774
16464532,San Pedro,Vaquilla,Vacía,91.4,274,"""2019-09-23T00:00:00.000Z""",1.13,2973,0.66,1852
16464531,San Pedro,Vaquilla,Preñada,91.4,280,"""2019-09-23T00:00:00.000Z""",0.96,2579,0.31,1026
16464527,San Pedro,Vaquilla,Preñada,91.4,317,"""2019-09-23T00:00:00.000Z""",1.38,3616,0.42,1333
16464526,San Pedro,Vaquilla,Preñada,91.4,273,"""2019-09-23T00:00:00.000Z""",1.17,3072,0.27,911
16464523,San Pedro,Vaquilla,Preñada,91.4,319,"""2019-09-23T00:00:00.000Z""",1.25,3318,0.52,1573
16464350,San Pedro,Vaquilla,Preñada,91.5,276,"""2019-09-23T00:00:00.000Z""",1.08,2875,0.25,870
16464349,San Pedro,Vaquilla,Preñada,91.5,281,"""2019-09-23T00:00:00.000Z""",1.08,2880,0.27,929
16464348,San Pedro,Vaquilla,Preñada,91.5,274,"""2019-09-23T00:00:00.000Z""",0.88,2373,0.32,1041
16464346,San Pedro,Vaquilla,Vacía,91.5,309,"""2019-09-23T00:00:00.000Z""",1.33,3508,0.32,1076
16464419,San Pedro,Vaquilla,Preñada,91.4,330,"""2019-09-23T00:00:00.000Z""",1.63,4228,0.79,2237
16464415,San Pedro,Vaquilla,Preñada,91.4,296,"""2019-09-23T00:00:00.000Z""",1.25,3295,0.71,2007
16464403,San Pedro,Vaquilla,Preñada,91.4,294,"""2019-09-23T00:00:00.000Z""",1.29,3393,0.7,1967
16464398,San Pedro,Vaquilla,Preñada,91.4,305,"""2019-09-23T00:00:00.000Z""",1.5,3904,0.73,2060
16464388,San Pedro,Vaquilla,Preñada,91.4,298,"""2019-09-23T00:00:00.000Z""",1.5,3897,0.71,2009
16464387,San Pedro,Vaquilla,Preñada,91.5,331,"""2019-09-23T00:00:00.000Z""",1.96,5029,0.77,2181
16464386,San Pedro,Vaquilla,Preñada,91.5,291,"""2019-09-23T00:00:00.000Z""",0.83,2290,0.69,1945
16464384,San Pedro,Vaquilla,Preñada,91.5,321,"""2019-09-23T00:00:00.000Z""",1.46,3820,0.77,2171
16464379,San Pedro,Vaquilla,Preñada,91.5,300,"""2019-09-23T00:00:00.000Z""",1.38,3599,0.71,2011
16464378,San Pedro,Vaquilla,Vacía,91.5,307,"""2019-09-23T00:00:00.000Z""",1.25,3306,0.73,2068
16464377,San Pedro,Vaquilla,Vacía,91.5,301,"""2019-09-23T00:00:00.000Z""",1.25,3300,0.72,2024
16464371,San Pedro,Vaquilla,Preñada,91.5,307,"""2019-09-23T00:00:00.000Z""",1.29,3406,0.73,2049
16464370,San Pedro,Vaquilla,Preñada,91.5,270,"""2019-09-23T00:00:00.000Z""",-0.88,-1829,0.63,1785
16464369,San Pedro,Vaquilla,Preñada,91.5,282,"""2019-09-23T00:00:00.000Z""",1.58,4080,0.67,1886
16464367,San Pedro,Vaquilla,Preñada,91.5,284,"""2019-09-23T00:00:00.000Z""",0.92,2483,0.51,1505
16464365,San Pedro,Vaquilla,Preñada,91.5,313,"""2019-09-23T00:00:00.000Z""",1.29,3412,0.33,1102
16464360,San Pedro,Vaquilla,Preñada,91.5,306,"""2019-09-23T00:00:00.000Z""",1.29,3405,0.37,1192
16464359,San Pedro,Vaquilla,Preñada,91.5,312,"""2019-09-23T00:00:00.000Z""",1.13,3011,0.53,1583
16464354,San Pedro,Vaquilla,Preñada,91.5,306,"""2019-09-23T00:00:00.000Z""",1.42,3705,0.4,1257
16464353,San Pedro,Vaquilla,Vacía,91.5,319,"""2019-09-23T00:00:00.000Z""",1.63,4217,0.47,1454
16464343,San Pedro,Vaquilla,Vacía,91.5,297,"""2019-09-23T00:00:00.000Z""",1.58,4095,0.32,1075
16464341,San Pedro,Vaquilla,Preñada,91.5,300,"""2019-09-23T00:00:00.000Z""",1.54,3998,0.36,1154
16464308,San Pedro,Vaquilla,Preñada,91.5,313,"""2019-09-23T00:00:00.000Z""",1.33,3512,0.74,2098
16464333,San Pedro,Vaquilla,Preñada,91.5,324,"""2019-09-23T00:00:00.000Z""",1.54,4022,0.77,2173
16464325,San Pedro,Vaquilla,Vacía,91.5,339,"""2019-09-23T00:00:00.000Z""",1.42,3738,0.8,2269
14476361,San Pedro,Vaquilla,Preñada,93.3,319,"""2019-09-23T00:00:00.000Z""",1.08,2918,0.47,1450
14476368,San Pedro,Vaquilla,Preñada,93.3,320,"""2019-09-23T00:00:00.000Z""",1.5,3919,0.42,1336
14476370,San Pedro,Vaquilla,Preñada,93.3,292,"""2019-09-23T00:00:00.000Z""",1.92,4890,0.38,1203
14476353,San Pedro,Vaquilla,Vacía,93.5,331,"""2019-09-23T00:00:00.000Z""",1.42,3730,0.43,1362
14476386,San Pedro,Vaquilla,Preñada,93.2,333,"""2019-09-23T00:00:00.000Z""",1.21,3232,0.42,1349
14476397,San Pedro,Vaquilla,Preñada,93.2,327,"""2019-09-23T00:00:00.000Z""",1.5,3926,0.44,1375
14476404,San Pedro,Vaquilla,Preencaste,93.1,293,"""2019-09-23T00:00:00.000Z""",1.13,2992,0.28,967
14476409,San Pedro,Vaquilla,Preñada,93.1,353,"""2019-09-23T00:00:00.000Z""",1.75,4551,0.53,1619
14476412,San Pedro,Vaquilla,Preñada,93.1,290,"""2019-09-23T00:00:00.000Z""",1.08,2889,0.34,1096
14476413,San Pedro,Vaquilla,Preñada,93.1,326,"""2019-09-23T00:00:00.000Z""",1.67,4324,0.59,1732
14476426,San Pedro,Vaquilla,Preñada,93.1,311,"""2019-09-23T00:00:00.000Z""",1.29,3410,0.36,1179
14476432,San Pedro,Vaquilla,Vacía,93,336,"""2019-09-23T00:00:00.000Z""",1.54,4034,0.48,1481
14476435,San Pedro,Vaquilla,Preñada,93,333,"""2019-09-23T00:00:00.000Z""",1.38,3632,0.5,1527
14476448,San Pedro,Vaquilla,Preñada,93,360,"""2019-09-23T00:00:00.000Z""",1.88,4858,0.59,1774
14476453,San Pedro,Vaquilla,Preñada,93,311,"""2019-09-23T00:00:00.000Z""",1.88,4809,0.38,1233
14476454,San Pedro,Vaquilla,Preñada,93,289,"""2019-09-23T00:00:00.000Z""",1.58,4087,0.42,1305
14476456,San Pedro,Vaquilla,Preñada,92.9,319,"""2019-09-23T00:00:00.000Z""",1.38,3618,0.43,1356
14476482,San Pedro,Vaquilla,Vacía,92.9,320,"""2019-09-23T00:00:00.000Z""",1.58,4118,0.68,1942
14476488,San Pedro,Vaquilla,Preñada,92.9,315,"""2019-09-23T00:00:00.000Z""",1.38,3614,0.67,1914
16464643,San Pedro,Vaquilla,Preñada,90.9,254,"""2019-08-30T00:00:00.000Z""",0.12,546,0.31,997
14476461,San Pedro,Torete,,92.9,400,"""2019-08-29T00:00:00.000Z""",2,5248,0.78,2281
24190477,San Pedro,Novillo,,91.3,405,"""2019-08-29T00:00:00.000Z""",0.71,2120,0.89,2559
16464410,San Pedro,Novillo,,91.4,429,"""2019-08-19T00:00:00.000Z""",1.77,4747,1.16,3251
16464437,San Pedro,Novillo,,91.3,431,"""2019-08-19T00:00:00.000Z""",1,2865,1.16,3264
19219894,San Pedro,Torete,,91.6,411,"""2019-08-19T00:00:00.000Z""",0.84,2452,1.1,3081
16464187,San Pedro,Novillo,,92,352,"""2019-07-09T00:00:00.000Z""",0,352,1,2819
16464016,San Pedro,Torete,,92.3,338,"""2019-07-09T00:00:00.000Z""",0.2,833,0.92,2625
16464317,San Pedro,Novillo,,91.5,372,"""2019-07-09T00:00:00.000Z""",0.67,2022,1.11,3112
21430663,San Pedro,Novillo,,91.2,338,"""2019-07-09T00:00:00.000Z""",0.93,2648,1.03,2896
18859776,San Pedro,Novillo,,91.4,328,"""2019-07-09T00:00:00.000Z""",1.33,3628,0.88,2495
19219890,San Pedro,Novillo,,91.3,357,"""2019-07-09T00:00:00.000Z""",1,2832,1.1,3072
26250905,San Pedro,Torete,,91.6,351,"""2019-07-09T00:00:00.000Z""",0.73,2166,1.04,2930
16464048,San Pedro,Torete,,92.2,364,"""2019-07-09T00:00:00.000Z""",0.93,2674,1.02,2884
24190347,San Pedro,Novillo,,91.4,377,"""2019-07-09T00:00:00.000Z""",2.07,5492,1.14,3210
16464188,San Pedro,Torete,,92,352,"""2019-07-09T00:00:00.000Z""",1.2,3322,0.99,2796
14476587,San Pedro,Torete,,92.4,373,"""2019-07-09T00:00:00.000Z""",0.4,1363,1.03,2915
16464364,San Pedro,Novillo,,91.5,386,"""2019-07-09T00:00:00.000Z""",2.67,6986,0.82,2403
16464125,San Pedro,Torete,,92.1,368,"""2019-07-09T00:00:00.000Z""",0.07,533,1.04,2950
16464577,San Pedro,Novillo,,91.1,354,"""2019-07-09T00:00:00.000Z""",1,2829,1.11,3091
16464160,San Pedro,Torete,,92,358,"""2019-07-09T00:00:00.000Z""",1.87,4978,1.01,2864
16464306,San Pedro,Torete,,91.6,350,"""2019-07-09T00:00:00.000Z""",0.33,1175,1.04,2913
16464224,San Pedro,Torete,,91.9,372,"""2019-07-09T00:00:00.000Z""",1.33,3672,1.07,3010
16464095,San Pedro,Torete,,92.1,358,"""2019-07-09T00:00:00.000Z""",0.73,2173,1,2825
16464705,San Pedro,Novillo,,90.6,300,"""2019-07-09T00:00:00.000Z""",1.53,4095,0.58,1736
16464389,San Pedro,Novillo,,91.4,354,"""2019-07-09T00:00:00.000Z""",0.67,2004,1.07,3008
16464315,San Pedro,Novillo,,91.5,371,"""2019-07-09T00:00:00.000Z""",1.2,3341,1.11,3111
16464413,San Pedro,Novillo,,91.4,302,"""2019-07-09T00:00:00.000Z""",1.07,2942,0.9,2541
16464405,San Pedro,Novillo,,91.4,321,"""2019-07-09T00:00:00.000Z""",0.73,2136,0.96,2706
16464409,San Pedro,Novillo,,91.4,318,"""2019-07-09T00:00:00.000Z""",0.2,813,0.95,2663
16464515,San Pedro,Novillo,,91.1,352,"""2019-07-09T00:00:00.000Z""",1.6,4312,1.11,3089
16464069,San Pedro,Vaquilla,Preencaste,92.2,271,"""2019-07-03T00:00:00.000Z""",0.02,332,0.76,2149
12688622,San Pedro,Vaca,Vacía,114.8,401,"""2019-03-25T00:00:00.000Z""",,,,
16464023,San Pedro,Torete,,92.2,202,"""2019-02-06T00:00:00.000Z""",0.98,2785,0.98,2785
4221106,San Pedro,Vaca,Vacía,186.2,622,"""2018-12-12T00:00:00.000Z""",,,,
16464858,San Pedro,Vaca,Vacía,245.7,586,"""2018-12-12T00:00:00.000Z""",,,,
4296802,San Pedro,Vaca,Vacía,151.2,540,"""2018-12-12T00:00:00.000Z""",-0.22,-53,-0.22,-53
4296835,San Pedro,Vaca,Vacía,151.2,656,"""2018-12-12T00:00:00.000Z""",,,,
4264562,San Pedro,Vaca,Vacía,159.2,458,"""2018-12-12T00:00:00.000Z""",-0.13,117,-0.13,117
4264545,San Pedro,Vaca,Preñada,159.2,566,"""2018-12-12T00:00:00.000Z""",-0.1,291,-0.1,291
4264534,San Pedro,Vaca,Vacía,159.2,558,"""2018-12-12T00:00:00.000Z""",0.02,617,0.02,617
4264418,San Pedro,Vaca,Vacía,159.2,616,"""2018-12-12T00:00:00.000Z""",,,,
4264227,San Pedro,Vaca,Vacía,160.2,604,"""2018-12-12T00:00:00.000Z""",,,,
20055857,San Pedro,Vaca,Preñada,176.2,664,"""2018-12-12T00:00:00.000Z""",-0.25,-18,-0.25,-18
4263622,San Pedro,Vaca,Preñada,162.2,602,"""2018-12-12T00:00:00.000Z""",,,,
4263531,San Pedro,Vaca,Vacía,163.2,654,"""2018-12-12T00:00:00.000Z""",-0.08,446,-0.08,446
24190350,San Pedro,Vaca,Preñada,174.2,766,"""2018-12-12T00:00:00.000Z""",,,,
25836144,San Pedro,Vaca,Preñada,162.2,574,"""2018-12-12T00:00:00.000Z""",-0.06,426,-0.06,426
4237234,San Pedro,Vaca,Vacía,173.2,642,"""2018-12-12T00:00:00.000Z""",,,,
4237216,San Pedro,Vaca,Preñada,173.2,544,"""2018-12-12T00:00:00.000Z""",,,,
4237210,San Pedro,Vaca,Preñada,173.2,682,"""2018-12-12T00:00:00.000Z""",-0.03,593,-0.03,593
4236933,San Pedro,Vaca,Vacía,174.2,630,"""2018-12-12T00:00:00.000Z""",,,,
4221527,San Pedro,Vaca,Preñada,184.2,558,"""2018-12-12T00:00:00.000Z""",,,,
4221254,San Pedro,Vaca,Preñada,185.2,660,"""2018-12-12T00:00:00.000Z""",,,,
4282523,San Pedro,Vaca,Preñada,152.2,682,"""2018-12-12T00:00:00.000Z""",0.12,1008,0.12,1008
4221053,San Pedro,Vaca,Vacía,186.2,762,"""2018-12-12T00:00:00.000Z""",,,,
4298388,San Pedro,Vaca,Preñada,140.2,491,"""2018-12-12T00:00:00.000Z""",,,,
4298365,San Pedro,Vaca,Preñada,140.2,504,"""2018-12-12T00:00:00.000Z""",,,,
4298252,San Pedro,Vaca,Vacía,140.7,518,"""2018-12-12T00:00:00.000Z""",0.08,726,0.08,726
4297132,San Pedro,Vaca,Preñada,150.2,596,"""2018-12-12T00:00:00.000Z""",,,,
4297011,San Pedro,Vaca,Vacía,151.2,584,"""2018-12-12T00:00:00.000Z""",-0.13,228,-0.13,228
16464850,San Pedro,Vaca,Vacía,174.2,700,"""2018-12-12T00:00:00.000Z""",,,,
16464834,San Pedro,Vaca,Vacía,173.2,592,"""2018-12-12T00:00:00.000Z""",,,,
4296924,San Pedro,Vaca,Preñada,151.2,606,"""2018-12-12T00:00:00.000Z""",,,,
14476311,San Pedro,Vaca,Vacía,184.2,682,"""2018-12-12T00:00:00.000Z""",,,,
14476337,San Pedro,Vaca,Vacía,153.2,538,"""2018-12-12T00:00:00.000Z""",,,,
14475890,San Pedro,Vaca,Preñada,104.2,338,"""2018-11-06T00:00:00.000Z""",1.19,3562,0.58,1911
14475901,San Pedro,Vaca,Vacía,104.2,349,"""2018-11-06T00:00:00.000Z""",1.5,4429,0.76,2403
14476250,San Pedro,Vaca,Preñada,103.1,328,"""2018-11-06T00:00:00.000Z""",1.15,3451,0.56,1845
14476257,San Pedro,Vaca,Vacía,103.1,351,"""2018-11-06T00:00:00.000Z""",1.63,4784,0.84,2627
14476247,San Pedro,Vaquilla,Vacía,103.1,294,"""2018-11-06T00:00:00.000Z""",1.17,3467,0.7,2200
14476280,San Pedro,Vaca,Vacía,103.1,319,"""2018-11-06T00:00:00.000Z""",1.17,3492,0.67,2151
14475909,San Pedro,Vaca,Preñada,104.2,312,"""2018-11-06T00:00:00.000Z""",1.37,4039,0.7,2218
14476242,San Pedro,Vaca,Vacía,103.1,320,"""2018-11-06T00:00:00.000Z""",1.26,3745,0.61,1985
14476106,San Pedro,Vaca,Preñada,103.1,354,"""2018-11-06T00:00:00.000Z""",1.22,3678,0.69,2241
14476285,San Pedro,Vaca,Parida,103.1,306,"""2018-11-06T00:00:00.000Z""",0.94,2875,0.8,2471
14476231,San Pedro,Vaca,Vacía,103.1,287,"""2018-11-06T00:00:00.000Z""",0.91,2755,0.63,2008
14476037,San Pedro,Vaca,Vacía,103.1,305,"""2018-11-06T00:00:00.000Z""",1.02,3075,0.71,2229
14476042,San Pedro,Vaca,Preñada,103.1,309,"""2018-11-06T00:00:00.000Z""",0.82,2541,0.5,1660
14476038,San Pedro,Vaca,Parida,103.1,313,"""2018-11-06T00:00:00.000Z""",1,3033,0.44,1497
14476136,San Pedro,Vaca,Vacía,103.1,328,"""2018-11-06T00:00:00.000Z""",0.71,2246,0.44,1512
12688932,San Pedro,Vaca,Preñada,104.2,333,"""2018-11-06T00:00:00.000Z""",1.15,3456,0.53,1776
14475940,San Pedro,Vaca,Vacía,104.2,343,"""2018-11-06T00:00:00.000Z""",1.39,4121,0.69,2212
12688931,San Pedro,Vaca,Vacía,104.2,351,"""2018-11-06T00:00:00.000Z""",1.59,4683,0.79,2497
14475675,San Pedro,Vaca,Preñada,104.2,363,"""2018-11-06T00:00:00.000Z""",1.39,4141,0.77,2454
14475966,San Pedro,Vaca,Vacía,103.1,349,"""2018-11-06T00:00:00.000Z""",1.43,4228,0.68,2199
14476041,San Pedro,Vaca,Vacía,103.1,312,"""2018-11-06T00:00:00.000Z""",1.28,3788,0.56,1829
14475842,San Pedro,Vaca,Preñada,104.2,350,"""2018-11-06T00:00:00.000Z""",1.33,3977,0.64,2089
15453972,San Pedro,Vaca,Preñada,104.2,333,"""2018-11-06T00:00:00.000Z""",1.35,4005,1.35,4005
15453750,San Pedro,Vaca,Preñada,104.2,339,"""2018-11-06T00:00:00.000Z""",1.93,5575,1.93,5575
15453701,San Pedro,Vaca,Vacía,104.2,325,"""2018-11-06T00:00:00.000Z""",1.58,4609,1.58,4609
15453782,San Pedro,Vaca,Vacía,104.2,349,"""2018-11-06T00:00:00.000Z""",2.33,6673,2.33,6673
15453714,San Pedro,Vaca,Preñada,104.2,346,"""2018-11-06T00:00:00.000Z""",1.98,5718,1.98,5718
15454020,San Pedro,Vaca,Vacía,104.2,301,"""2018-11-06T00:00:00.000Z""",2.05,5877,2.05,5877
15454052,San Pedro,Vaca,Vacía,104.2,336,"""2018-11-06T00:00:00.000Z""",2.03,5844,2.03,5844
14475718,San Pedro,Vaca,Vacía,104.2,360,"""2018-11-06T00:00:00.000Z""",1.33,3987,0.74,2377
12688896,San Pedro,Vaca,Preñada,103.2,345,"""2018-11-06T00:00:00.000Z""",1.35,4022,0.79,2491
14476150,San Pedro,Vaca,Vacía,103.1,325,"""2018-11-06T00:00:00.000Z""",0.78,2441,0.66,2120
25836341,San Pedro,Vaca,Preñada,103.1,316,"""2018-11-06T00:00:00.000Z""",0.74,2331,0.44,1500
25836310,San Pedro,Vaca,Preñada,103.1,338,"""2018-11-06T00:00:00.000Z""",1.13,3407,0.69,2207
14475742,San Pedro,Vaca,Preñada,104.2,344,"""2018-11-06T00:00:00.000Z""",1.63,4777,0.8,2509
14476155,San Pedro,Vaca,Vacía,103.1,348,"""2018-11-06T00:00:00.000Z""",1.26,3773,0.59,1939
25836302,San Pedro,Vaca,Preñada,103.1,326,"""2018-11-06T00:00:00.000Z""",1.41,4154,0.59,1917
22620341,San Pedro,Vaca,Preñada,104.2,349,"""2018-11-06T00:00:00.000Z""",1.5,4429,0.8,2532
18859783,San Pedro,Vaca,Vacía,103.1,326,"""2018-11-06T00:00:00.000Z""",1.06,3197,0.56,1843
14476163,San Pedro,Vaca,Vacía,103.1,316,"""2018-11-06T00:00:00.000Z""",0.96,2935,0.5,1667
14476007,San Pedro,Vaca,Vacía,103.1,323,"""2018-11-06T00:00:00.000Z""",1.2,3597,0.65,2081
14476169,San Pedro,Vaca,Preñada,103.1,330,"""2018-11-06T00:00:00.000Z""",1.54,4511,0.64,2069
18086743,San Pedro,Vaca,Vacía,103.1,339,"""2018-11-06T00:00:00.000Z""",1.2,3613,0.7,2245
14476177,San Pedro,Vaca,Vacía,103.1,342,"""2018-11-06T00:00:00.000Z""",1.33,3969,0.63,2044
14476178,San Pedro,Vaca,Parida,103.1,328,"""2018-11-06T00:00:00.000Z""",1.75,5088,0.65,2104
14476021,San Pedro,Vaca,Vacía,103.1,324,"""2018-11-06T00:00:00.000Z""",1.15,3447,0.52,1749
14475801,San Pedro,Vaca,Vacía,104.2,344,"""2018-11-06T00:00:00.000Z""",1.42,4197,0.54,1806
14475808,San Pedro,Vaca,Vacía,104.2,332,"""2018-11-06T00:00:00.000Z""",1.15,3455,0.58,1905
18086753,San Pedro,Vaca,Vacía,104.2,327,"""2018-11-06T00:00:00.000Z""",1.33,3954,0.51,1715
14476032,San Pedro,Vaquilla,Vacía,103.1,329,"""2018-11-06T00:00:00.000Z""",1.11,3351,0.57,1883
14476197,San Pedro,Vaca,Vacía,103.1,339,"""2018-11-06T00:00:00.000Z""",0.98,3009,0.45,1560
14475897,San Pedro,Vaquilla,Preñada,104.2,332,"""2018-11-06T00:00:00.000Z""",1.28,3808,0.76,2386
14475601,San Pedro,Vaca,Vacía,104.2,348,"""2018-11-06T00:00:00.000Z""",1.41,4176,0.75,2383
14461838,San Pedro,Vaca,Preñada,106.2,331,"""2018-10-20T00:00:00.000Z""",,,,
14462361,San Pedro,Vaca,Vacía,106.2,328,"""2018-10-20T00:00:00.000Z""",,,,
14462760,San Pedro,Vaca,Vacía,106.2,343,"""2018-10-20T00:00:00.000Z""",,,,
14462046,San Pedro,Vaca,Preñada,106.2,342,"""2018-10-20T00:00:00.000Z""",,,,
14462640,San Pedro,Vaca,Vacía,106.2,334,"""2018-10-20T00:00:00.000Z""",,,,
14462830,San Pedro,Vaca,Preñada,106.2,350,"""2018-10-20T00:00:00.000Z""",,,,
14461905,San Pedro,Vaca,Vacía,106.2,359,"""2018-10-20T00:00:00.000Z""",,,,
14462627,San Pedro,Vaca,Vacía,106.2,352,"""2018-10-20T00:00:00.000Z""",,,,
14461859,San Pedro,Vaca,Vacía,106.2,356,"""2018-10-20T00:00:00.000Z""",,,,
14463224,San Pedro,Vaca,Vacía,106.2,333,"""2018-10-20T00:00:00.000Z""",,,,
14463035,San Pedro,Vaca,Vacía,106.2,358,"""2018-10-20T00:00:00.000Z""",,,,
14462828,San Pedro,Vaca,Vacía,106.2,356,"""2018-10-20T00:00:00.000Z""",,,,
14462813,San Pedro,Vaca,Vacía,106.2,361,"""2018-10-20T00:00:00.000Z""",,,,
14461893,San Pedro,Vaca,Vacía,106.2,348,"""2018-10-20T00:00:00.000Z""",,,,
14463554,San Pedro,Vaca,Vacía,106.2,353,"""2018-10-20T00:00:00.000Z""",,,,
14462592,San Pedro,Vaca,Vacía,106.2,355,"""2018-10-20T00:00:00.000Z""",,,,
14461827,San Pedro,Vaquilla,Preñada,106.2,359,"""2018-10-20T00:00:00.000Z""",,,,
14462031,San Pedro,Vaca,Vacía,106.2,322,"""2018-10-20T00:00:00.000Z""",,,,
14462539,San Pedro,Vaca,Vacía,106.2,364,"""2018-10-20T00:00:00.000Z""",,,,
14462516,San Pedro,Vaca,Preñada,106.2,330,"""2018-10-20T00:00:00.000Z""",,,,
14462566,San Pedro,Vaca,Vacía,106.2,305,"""2018-10-20T00:00:00.000Z""",,,,
14461871,San Pedro,Vaca,Preñada,106.2,353,"""2018-10-20T00:00:00.000Z""",,,,
14462103,San Pedro,Vaca,Parida,106.2,328,"""2018-10-20T00:00:00.000Z""",,,,
14462396,San Pedro,Vaca,Parida,106.2,365,"""2018-10-20T00:00:00.000Z""",,,,
14462492,San Pedro,Vaquilla,Vacía,106.2,379,"""2018-10-20T00:00:00.000Z""",,,,
14462198,San Pedro,Vaca,Preñada,106.2,336,"""2018-10-20T00:00:00.000Z""",,,,
14462735,San Pedro,Vaca,Vacía,106.2,363,"""2018-10-20T00:00:00.000Z""",,,,
14461887,San Pedro,Vaca,Preñada,106.2,392,"""2018-10-20T00:00:00.000Z""",,,,
14462199,San Pedro,Vaca,Preñada,106.2,373,"""2018-10-20T00:00:00.000Z""",,,,
14462838,San Pedro,Vaca,Preñada,106.2,347,"""2018-10-20T00:00:00.000Z""",,,,
14463542,San Pedro,Vaca,Vacía,106.2,329,"""2018-10-20T00:00:00.000Z""",,,,
18859796,San Pedro,Vaca,Vacía,106.2,417,"""2018-10-20T00:00:00.000Z""",,,,
14476145,San Pedro,Vaca,Preñada,103.1,287,"""2018-10-01T00:00:00.000Z""",0.45,1534,0.24,957
14476204,San Pedro,Vaquilla,Preñada,103.1,294,"""2018-10-01T00:00:00.000Z""",0.56,1825,0.28,1064
10591184,San Pedro,Vaca,Preñada,104.2,303,"""2018-10-01T00:00:00.000Z""",0.64,2075,0.29,1098
14476109,San Pedro,Vaca,Vacía,103.1,299,"""2018-10-01T00:00:00.000Z""",0.1,561,0.23,945
14475635,San Pedro,Vaca,Preñada,104.2,342,"""2018-10-01T00:00:00.000Z""",0.38,1392,0.32,1236
10591078,San Pedro,Vaca,Preñada,105.2,332,"""2018-10-01T00:00:00.000Z""",0.6,1972,0.27,1077
14475913,San Pedro,Vaca,Preñada,104.2,322,"""2018-10-01T00:00:00.000Z""",0.44,1547,0.32,1216
14475924,San Pedro,Vaquilla,Preñada,104.2,305,"""2018-10-01T00:00:00.000Z""",0.61,1989,0.37,1323
14475727,San Pedro,Vaca,Preñada,104.2,308,"""2018-10-01T00:00:00.000Z""",0.74,2342,0.38,1351
14476003,San Pedro,Vaca,Vacía,103.1,293,"""2018-10-01T00:00:00.000Z""",0.43,1474,0.21,864
14476079,San Pedro,Vaca,Preñada,103.1,278,"""2018-10-01T00:00:00.000Z""",0.33,1197,0.24,948
14476050,San Pedro,Vaca,Vacía,103.1,300,"""2018-10-01T00:00:00.000Z""",0.17,759,0.13,648
14475838,San Pedro,Vaca,Preñada,104.2,303,"""2018-10-01T00:00:00.000Z""",0.48,1624,0.54,1793
14475826,San Pedro,Vaca,Preñada,104.2,291,"""2018-10-01T00:00:00.000Z""",0.67,2128,0.33,1210
20055827,San Pedro,Vaca,Preñada,104.2,275,"""2018-09-27T00:00:00.000Z""",,,,
15453999,San Pedro,Vaca,Preñada,104.2,283,"""2018-09-27T00:00:00.000Z""",,,,
15454029,San Pedro,Vaca,Vacía,104.2,292,"""2018-09-27T00:00:00.000Z""",,,,
15453928,San Pedro,Vaca,Vacía,104.2,290,"""2018-09-27T00:00:00.000Z""",,,,
15454034,San Pedro,Vaca,Vacía,104.2,310,"""2018-09-27T00:00:00.000Z""",,,,
15453935,San Pedro,Vaca,Vacía,104.2,310,"""2018-09-27T00:00:00.000Z""",,,,
15453851,San Pedro,Vaca,Preñada,104.2,292,"""2018-09-27T00:00:00.000Z""",,,,
14475908,San Pedro,Vaca,Vacía,104.2,312,"""2018-09-13T00:00:00.000Z""",1,3086,0.33,1237
21430679,San Pedro,Vaca,Preñada,103.1,284,"""2018-09-13T00:00:00.000Z""",0.5,1671,0.41,1417
21430696,San Pedro,Vaca,Preñada,104.2,322,"""2018-09-13T00:00:00.000Z""",0.08,553,0.3,1157
14475905,San Pedro,Vaca,Vacía,104.2,295,"""2018-09-13T00:00:00.000Z""",0.71,2260,0.29,1100
14475903,San Pedro,Vaca,Vacía,104.2,275,"""2018-09-13T00:00:00.000Z""",1.25,3743,0.4,1379
14475899,San Pedro,Vaca,Vacía,104.2,292,"""2018-09-13T00:00:00.000Z""",0.92,2835,0.42,1455
14475898,San Pedro,Vaquilla,Preñada,104.2,288,"""2018-09-13T00:00:00.000Z""",1.04,3178,0.28,1064
14475895,San Pedro,Vaca,Vacía,104.2,321,"""2018-09-13T00:00:00.000Z""",0.25,1015,0.33,1246
14475894,San Pedro,Vaquilla,Vacía,104.2,299,"""2018-09-13T00:00:00.000Z""",0.71,2264,0.22,896
14475887,San Pedro,Vaca,Preñada,104.2,316,"""2018-09-13T00:00:00.000Z""",1.17,3552,0.44,1539
14475882,San Pedro,Vaca,Preñada,104.2,288,"""2018-09-13T00:00:00.000Z""",0.7,2230,0.71,2257
14475878,San Pedro,Vaca,Preñada,104.2,314,"""2018-09-13T00:00:00.000Z""",1.17,3550,0.41,1447
14475877,San Pedro,Vaca,Vacía,104.2,294,"""2018-09-13T00:00:00.000Z""",0.79,2490,0.26,1010
14475870,San Pedro,Vaca,Vacía,104.2,287,"""2018-09-13T00:00:00.000Z""",0.54,1790,0.29,1092
14475869,San Pedro,Vaca,Vacía,104.2,293,"""2018-09-13T00:00:00.000Z""",0.8,2512,0.41,1426
14475859,San Pedro,Vaca,Preñada,104.2,280,"""2018-09-13T00:00:00.000Z""",0.63,2014,0.35,1264
14475854,San Pedro,Vaca,Vacía,104.2,287,"""2018-09-13T00:00:00.000Z""",0.67,2136,0.4,1391
14475850,San Pedro,Vaca,Vacía,104.2,322,"""2018-09-13T00:00:00.000Z""",1.08,3327,0.35,1306
14475846,San Pedro,Vaca,Vacía,104.2,294,"""2018-09-13T00:00:00.000Z""",0.6,1958,0.51,1696
14475844,San Pedro,Vaca,Preñada,104.2,296,"""2018-09-13T00:00:00.000Z""",0.67,2145,0.23,922
14475824,San Pedro,Vaca,Vacía,104.2,284,"""2018-09-13T00:00:00.000Z""",0.38,1324,0.11,582
14475822,San Pedro,Vaca,Vacía,104.2,287,"""2018-09-13T00:00:00.000Z""",0.5,1674,0.22,884
14475817,San Pedro,Vaca,Vacía,104.2,308,"""2018-09-13T00:00:00.000Z""",0.08,539,0.61,2008
14475789,San Pedro,Vaca,Preñada,104.2,298,"""2018-09-13T00:00:00.000Z""",0.83,2610,0.26,1014
14475787,San Pedro,Vaca,Preñada,104.2,295,"""2018-09-13T00:00:00.000Z""",0,295,0.43,1488
14475782,San Pedro,Vaca,Preñada,104.2,282,"""2018-09-13T00:00:00.000Z""",0.42,1438,0.3,1117
14475779,San Pedro,Vaca,Vacía,104.2,312,"""2018-09-13T00:00:00.000Z""",0.38,1352,0.28,1088
14475768,San Pedro,Vaca,Vacía,104.2,310,"""2018-09-13T00:00:00.000Z""",1.17,3546,0.34,1264
14475766,San Pedro,Vaca,Preñada,104.2,290,"""2018-09-13T00:00:00.000Z""",0.63,2024,0.2,857
14475757,San Pedro,Vaca,Vacía,104.2,298,"""2018-09-13T00:00:00.000Z""",1.13,3419,0.41,1431
14475748,San Pedro,Vaca,Preñada,104.2,307,"""2018-09-13T00:00:00.000Z""",1.42,4237,0.43,1500
14475747,San Pedro,Vaca,Preñada,104.2,270,"""2018-09-13T00:00:00.000Z""",0.79,2466,0.06,449
14475745,San Pedro,Vaca,Inseminada,104.2,293,"""2018-09-13T00:00:00.000Z""",0.75,2374,0.39,1367
14475725,San Pedro,Vaca,Preñada,104.2,322,"""2018-09-13T00:00:00.000Z""",0,322,0.43,1515
14475720,San Pedro,Vaca,Preñada,104.2,308,"""2018-09-13T00:00:00.000Z""",1.38,4122,0.38,1352
14475702,San Pedro,Vaca,Vacía,104.2,330,"""2018-09-13T00:00:00.000Z""",1.13,3451,0.44,1553
14475691,San Pedro,Vaca,Preñada,104.2,292,"""2018-09-13T00:00:00.000Z""",1.08,3297,0.38,1336
14475690,San Pedro,Vaca,Preñada,104.2,330,"""2018-09-13T00:00:00.000Z""",1.71,5069,0.49,1702
14475687,San Pedro,Vaca,Vacía,104.2,289,"""2018-09-13T00:00:00.000Z""",0.67,2138,0.18,796
14475683,San Pedro,Vaca,Preñada,104.2,307,"""2018-09-13T00:00:00.000Z""",0.88,2734,0.52,1739
14475682,San Pedro,Vaca,Preñada,104.2,305,"""2018-09-13T00:00:00.000Z""",1.13,3426,0.34,1259
14475680,San Pedro,Vaca,Preñada,104.2,300,"""2018-09-13T00:00:00.000Z""",0.5,1687,0.1,568
14475679,San Pedro,Vaca,Vacía,104.2,306,"""2018-09-13T00:00:00.000Z""",0.92,2849,0.41,1439
14475674,San Pedro,Vaca,Vacía,104.2,307,"""2018-09-13T00:00:00.000Z""",0.79,2503,0.29,1112
14475671,San Pedro,Vaca,Preñada,104.2,275,"""2018-09-13T00:00:00.000Z""",0.29,1084,0.28,1051
14475663,San Pedro,Vaca,Preñada,104.2,294,"""2018-09-13T00:00:00.000Z""",0.67,2143,0.41,1427
14475659,San Pedro,Vaca,Preñada,104.2,307,"""2018-09-13T00:00:00.000Z""",1.25,3775,0.41,1440
14475657,San Pedro,Vaca,Preñada,104.2,316,"""2018-09-13T00:00:00.000Z""",0.5,1703,0.55,1837
14475947,San Pedro,Vaca,Preñada,104.2,307,"""2018-09-13T00:00:00.000Z""",0.04,423,0.29,1112
14476065,San Pedro,Vaca,Vacía,103.1,289,"""2018-09-13T00:00:00.000Z""",1.08,3294,0.45,1542
14475927,San Pedro,Vaca,Inseminada,104.2,304,"""2018-09-13T00:00:00.000Z""",0.67,2153,0.22,901
20055829,San Pedro,Vaca,Preñada,103.1,289,"""2018-09-13T00:00:00.000Z""",1,3063,0.26,1005
20055830,San Pedro,Vaca,Preñada,103.1,299,"""2018-09-13T00:00:00.000Z""",1,3073,0.3,1134
20055832,San Pedro,Vaca,Preñada,104.2,311,"""2018-09-13T00:00:00.000Z""",1.33,4010,0.47,1623
20055836,San Pedro,Vaca,Preñada,103.1,271,"""2018-09-13T00:00:00.000Z""",0.46,1542,0.17,748
14475926,San Pedro,Vaca,Preñada,104.2,275,"""2018-09-13T00:00:00.000Z""",1.25,3743,0.29,1080
20055842,San Pedro,Vaca,Preñada,104.2,299,"""2018-09-13T00:00:00.000Z""",0.38,1339,0.24,955
25836195,San Pedro,Vaca,Preñada,104.2,301,"""2018-09-13T00:00:00.000Z""",0.67,2150,0.19,838
14475920,San Pedro,Vaca,Vacía,104.2,302,"""2018-09-13T00:00:00.000Z""",1.13,3423,0.34,1256
18859795,San Pedro,Vaca,Vacía,104.2,336,"""2018-09-13T00:00:00.000Z""",1.29,3919,0.42,1499
26250929,San Pedro,Vaca,Preñada,103.1,269,"""2018-09-13T00:00:00.000Z""",0.63,2003,0.29,1074
18859799,San Pedro,Vaca,Preñada,103.1,303,"""2018-09-13T00:00:00.000Z""",1.63,4811,0.28,1079
14475917,San Pedro,Vaca,Vacía,104.2,320,"""2018-09-13T00:00:00.000Z""",0.71,2285,0.41,1453
21430617,San Pedro,Vaca,Vacía,104.2,275,"""2018-09-13T00:00:00.000Z""",1,3049,0.81,2512
14475916,San Pedro,Vaca,Preñada,104.2,292,"""2018-09-13T00:00:00.000Z""",0.71,2257,0.23,918
25836159,San Pedro,Vaca,Preñada,103.1,308,"""2018-09-13T00:00:00.000Z""",1.17,3544,0.33,1233
21430648,San Pedro,Vaca,Preñada,103.1,305,"""2018-09-13T00:00:00.000Z""",0.93,2894,0.56,1856
21430655,San Pedro,Vaca,Vacía,104.2,327,"""2018-09-13T00:00:00.000Z""",0,327,0.33,1252
22620302,San Pedro,Vaca,Vacía,104.2,325,"""2018-09-13T00:00:00.000Z""",1.5,4486,0.41,1458
10591094,San Pedro,Vaca,Preñada,105.2,311,"""2018-09-13T00:00:00.000Z""",0.92,2854,0.25,997
10591087,San Pedro,Vaca,Preñada,105.2,338,"""2018-09-13T00:00:00.000Z""",0.54,1841,0.42,1501
10591084,San Pedro,Vaca,Preñada,105.2,301,"""2018-09-13T00:00:00.000Z""",0.67,2150,0.33,1226
10591073,San Pedro,Vaca,Vacía,105.2,307,"""2018-09-13T00:00:00.000Z""",1,3081,0.4,1411
10591067,San Pedro,Vaca,Preñada,105.2,338,"""2018-09-13T00:00:00.000Z""",0.46,1609,0.48,1680
10591066,San Pedro,Vaca,Vacía,105.2,338,"""2018-09-13T00:00:00.000Z""",0.75,2419,0.3,1173
10591055,San Pedro,Vaca,Preñada,105.2,315,"""2018-09-13T00:00:00.000Z""",0.79,2511,0.28,1091
10591054,San Pedro,Vaca,Vacía,105.2,294,"""2018-09-13T00:00:00.000Z""",1.08,3299,0.31,1159
10591045,San Pedro,Vaca,Vacía,105.2,321,"""2018-09-13T00:00:00.000Z""",0.29,1130,0.37,1335
14475996,San Pedro,Vaquilla,Vacía,103.1,321,"""2018-09-13T00:00:00.000Z""",1.21,3673,0.3,1156
14475989,San Pedro,Vaca,Vacía,103.1,286,"""2018-09-13T00:00:00.000Z""",0.83,2598,0.37,1300
14476217,San Pedro,Vaca,Vacía,103.1,301,"""2018-09-13T00:00:00.000Z""",0.5,1688,0.25,987
14476220,San Pedro,Vaca,Vacía,103.1,294,"""2018-09-13T00:00:00.000Z""",1,3068,0.2,861
14476256,San Pedro,Vaca,Vacía,103.1,284,"""2018-09-13T00:00:00.000Z""",0.21,862,0.35,1268
14475983,San Pedro,Vaca,Inseminada,103.1,306,"""2018-09-13T00:00:00.000Z""",0.83,2618,0.32,1201
14475981,San Pedro,Vaca,Preñada,103.1,289,"""2018-09-13T00:00:00.000Z""",0.04,405,0.22,886
14476301,San Pedro,Vaca,Preñada,103.1,292,"""2018-09-13T00:00:00.000Z""",0.29,1101,0.26,1008
18086744,San Pedro,Vaca,Preñada,104.2,312,"""2018-09-13T00:00:00.000Z""",1.54,4589,0.43,1505
14475980,San Pedro,Vaca,Preñada,103.1,297,"""2018-09-13T00:00:00.000Z""",0.83,2609,0.27,1043
14475973,San Pedro,Vaca,Preñada,103.1,290,"""2018-09-13T00:00:00.000Z""",1,3064,0.37,1304
14475971,San Pedro,Vaca,Inseminada,103.1,307,"""2018-09-13T00:00:00.000Z""",0.5,1694,0.42,1470
25836289,San Pedro,Vaca,Vacía,104.2,340,"""2018-09-13T00:00:00.000Z""",1.42,4270,0.44,1563
14475937,San Pedro,Vaca,Preñada,104.2,298,"""2018-09-13T00:00:00.000Z""",0.67,2147,0.09,537
14475648,San Pedro,Vaca,Preñada,104.2,331,"""2018-09-13T00:00:00.000Z""",0.29,1140,0.39,1405
14475646,San Pedro,Vaca,Preñada,104.2,298,"""2018-09-13T00:00:00.000Z""",0.54,1801,0.4,1402
14475645,San Pedro,Vaca,Preñada,104.2,313,"""2018-09-13T00:00:00.000Z""",1.38,4127,0.44,1536
14475643,San Pedro,Vaca,Preñada,104.2,277,"""2018-09-13T00:00:00.000Z""",0.4,1387,0.32,1172
14475642,San Pedro,Vaca,Preñada,104.2,316,"""2018-09-13T00:00:00.000Z""",0.88,2743,0.35,1300
14475634,San Pedro,Vaca,Preñada,104.2,265,"""2018-09-13T00:00:00.000Z""",0.71,2230,0.3,1100
14475633,San Pedro,Vaca,Vacía,104.2,335,"""2018-09-13T00:00:00.000Z""",1.54,4612,0.71,2304
14475624,San Pedro,Vaca,Vacía,104.2,279,"""2018-09-13T00:00:00.000Z""",0.67,2128,0.15,697
14475621,San Pedro,Vaca,Vacía,104.2,297,"""2018-09-13T00:00:00.000Z""",0.71,2262,0.37,1311
14475616,San Pedro,Vaca,Vacía,104.2,311,"""2018-09-13T00:00:00.000Z""",1.08,3316,0.28,1087
14475615,San Pedro,Vaca,Parida,104.2,297,"""2018-09-13T00:00:00.000Z""",0.79,2493,0.25,983
14475609,San Pedro,Vaca,Parida,104.2,341,"""2018-09-13T00:00:00.000Z""",0.79,2537,0.55,1862
14475608,San Pedro,Vaca,Preñada,104.2,305,"""2018-09-13T00:00:00.000Z""",1.13,3426,0.43,1498
12688995,San Pedro,Vaca,Preñada,104.2,298,"""2018-09-13T00:00:00.000Z""",1.17,3534,0.45,1551
12688994,San Pedro,Vaca,Vacía,104.2,312,"""2018-09-13T00:00:00.000Z""",1.13,3433,0.42,1475
12688990,San Pedro,Vaca,Preñada,104.2,295,"""2018-09-13T00:00:00.000Z""",0.88,2722,0.46,1578
12688983,San Pedro,Vaquilla,Preñada,104.2,287,"""2018-09-13T00:00:00.000Z""",0.92,2830,0.28,1063
12688976,San Pedro,Vaca,Vacía,104.2,342,"""2018-09-13T00:00:00.000Z""",1.29,3925,0.51,1744
12688969,San Pedro,Vaca,Vacía,104.2,319,"""2018-09-13T00:00:00.000Z""",0.29,1128,0.35,1303
12688962,San Pedro,Vaca,Vacía,104.2,287,"""2018-09-13T00:00:00.000Z""",0.79,2483,0.34,1241
12688959,San Pedro,Vaca,Preñada,104.2,277,"""2018-09-13T00:00:00.000Z""",0.38,1317,0.13,635
12688958,San Pedro,Vaca,Vacía,104.2,277,"""2018-09-13T00:00:00.000Z""",0.5,1664,0.28,1053
14476061,San Pedro,Vaca,Vacía,103.1,294,"""2018-09-13T00:00:00.000Z""",0.75,2375,0.25,980
14476055,San Pedro,Vaca,Preñada,103.1,280,"""2018-09-13T00:00:00.000Z""",0.42,1436,0.14,668
14476051,San Pedro,Vaca,Preñada,103.1,275,"""2018-09-13T00:00:00.000Z""",0.92,2818,0.49,1647
14476067,San Pedro,Vaca,Vacía,103.1,310,"""2018-09-13T00:00:00.000Z""",0.63,2044,0.35,1294
25836367,San Pedro,Vaquilla,Vacía,104.2,265,"""2018-09-13T00:00:00.000Z""",0.42,1421,0.28,1041
14476035,San Pedro,Vaca,Preñada,103.1,320,"""2018-09-13T00:00:00.000Z""",0.83,2632,0.37,1334
14476073,San Pedro,Vaca,Vacía,103.1,327,"""2018-09-13T00:00:00.000Z""",-2.58,-6839,0.37,1341
14476026,San Pedro,Vaca,Vacía,103.1,342,"""2018-09-13T00:00:00.000Z""",1.71,5081,0.58,1953
25836374,San Pedro,Vaca,Preñada,104.2,296,"""2018-09-13T00:00:00.000Z""",1.29,3879,0.3,1131
14476019,San Pedro,Vaca,Preñada,103.1,292,"""2018-09-13T00:00:00.000Z""",1.04,3182,0.28,1068
14476014,San Pedro,Vaca,Vacía,103.1,294,"""2018-09-13T00:00:00.000Z""",1.04,3184,0.28,1070
25836389,San Pedro,Vaca,Preñada,104.2,313,"""2018-09-13T00:00:00.000Z""",1.13,3434,0.3,1148
14476012,San Pedro,Vaca,Vacía,103.1,295,"""2018-09-13T00:00:00.000Z""",0.71,2260,0.27,1041
14476009,San Pedro,Vaca,Preñada,103.1,323,"""2018-09-13T00:00:00.000Z""",0.13,670,0.28,1099
14476078,San Pedro,Vaca,Vacía,103.1,310,"""2018-09-13T00:00:00.000Z""",1,3084,0.3,1145
25836304,San Pedro,Vaca,Preñada,104.2,310,"""2018-09-13T00:00:00.000Z""",0.25,1004,0.35,1294
19219897,San Pedro,Vaca,Vacía,103.1,290,"""2018-09-13T00:00:00.000Z""",0.63,2047,0.46,1573
14476001,San Pedro,Vaca,Preñada,103.1,313,"""2018-09-13T00:00:00.000Z""",0.54,1816,0.45,1566
23547650,San Pedro,Vaca,Preñada,103.1,299,"""2018-09-13T00:00:00.000Z""",0.83,2611,0.37,1313
23547656,San Pedro,Vaca,Vacía,104.2,341,"""2018-09-13T00:00:00.000Z""",0.79,2537,0.37,1355
14476080,San Pedro,Vaca,Preñada,103.1,285,"""2018-09-13T00:00:00.000Z""",0.83,2597,0.24,941
14476083,San Pedro,Vaca,Vacía,103.1,344,"""2018-09-13T00:00:00.000Z""",0.88,2771,0.46,1627
14475999,San Pedro,Vaca,Vacía,103.1,292,"""2018-09-13T00:00:00.000Z""",0.29,1101,0.46,1575
26248556,San Pedro,Vaca,Vacía,104.2,317,"""2018-09-13T00:00:00.000Z""",1.04,3207,0.33,1242
14476091,San Pedro,Vaca,Vacía,103.1,286,"""2018-09-13T00:00:00.000Z""",0.83,2598,0.34,1240
12688957,San Pedro,Vaca,Parida,104.2,325,"""2018-09-13T00:00:00.000Z""",0.5,1712,0.49,1697
12688955,San Pedro,Vaca,Preñada,104.2,288,"""2018-09-13T00:00:00.000Z""",0.38,1328,0.33,1213
12688951,San Pedro,Vaca,Vacía,104.2,300,"""2018-09-13T00:00:00.000Z""",0.46,1571,0.37,1314
12688942,San Pedro,Vaca,Preñada,104.2,360,"""2018-09-13T00:00:00.000Z""",1.5,4521,0.53,1822
14476094,San Pedro,Vaca,Preñada,103.1,301,"""2018-09-13T00:00:00.000Z""",1.04,3191,0.26,1017
12688934,San Pedro,Vaca,Preñada,104.2,333,"""2018-09-13T00:00:00.000Z""",0.79,2529,0.41,1466
12688923,San Pedro,Vaca,Inseminada,104.2,327,"""2018-09-13T00:00:00.000Z""",0.46,1598,0.42,1490
14476097,San Pedro,Vaquilla,Vacía,103.1,290,"""2018-09-13T00:00:00.000Z""",0.71,2255,0.22,887
12688919,San Pedro,Vaca,Vacía,104.2,323,"""2018-09-13T00:00:00.000Z""",1.38,4137,0.32,1218
16464848,San Pedro,Vaca,Vacía,105.2,332,"""2018-09-13T00:00:00.000Z""",0.17,794,0.37,1346
12688911,San Pedro,Vaca,Vacía,104.2,307,"""2018-09-13T00:00:00.000Z""",0.96,2965,0.34,1261
14476105,San Pedro,Vaca,Vacía,103.1,316,"""2018-09-13T00:00:00.000Z""",0.63,2050,0.31,1181
12688910,San Pedro,Vaca,Vacía,104.2,279,"""2018-09-13T00:00:00.000Z""",0.04,395,0.45,1532
12688898,San Pedro,Vaca,Vacía,104.2,324,"""2018-09-13T00:00:00.000Z""",0.38,1364,0.47,1636
12688893,San Pedro,Vaca,Vacía,104.2,337,"""2018-09-13T00:00:00.000Z""",-0.17,-125,0.35,1321
12688888,San Pedro,Vaca,Preñada,104.2,294,"""2018-09-13T00:00:00.000Z""",0.54,1797,0.13,652
14476112,San Pedro,Vaca,Vacía,103.1,312,"""2018-09-13T00:00:00.000Z""",1.13,3433,0.35,1296
14476116,San Pedro,Vaca,Vacía,103.1,287,"""2018-09-13T00:00:00.000Z""",0.29,1096,0.14,675
14476130,San Pedro,Vaca,Vacía,103.1,290,"""2018-09-13T00:00:00.000Z""",0.75,2371,0.27,1036
14476135,San Pedro,Vaca,Vacía,103.1,294,"""2018-09-13T00:00:00.000Z""",1.21,3646,0.48,1636
14476142,San Pedro,Vaca,Preñada,103.1,326,"""2018-09-13T00:00:00.000Z""",0.54,1829,0.41,1459
14476147,San Pedro,Vaca,Preñada,103.1,320,"""2018-09-13T00:00:00.000Z""",0.21,898,0.42,1483
14476149,San Pedro,Vaquilla,Preñada,103.1,278,"""2018-09-13T00:00:00.000Z""",0.13,625,0.2,845
14476152,San Pedro,Vaca,Preñada,103.1,262,"""2018-09-13T00:00:00.000Z""",0.42,1418,0.22,859
14476154,San Pedro,Vaca,Vacía,103.1,316,"""2018-09-13T00:00:00.000Z""",0.08,547,0.4,1420
14476157,San Pedro,Vaca,Preñada,103.1,315,"""2018-09-13T00:00:00.000Z""",1.13,3436,0.39,1389
14476158,San Pedro,Vaca,Preñada,103.1,279,"""2018-09-13T00:00:00.000Z""",0.38,1319,0.19,816
14476174,San Pedro,Vaca,Parida,103.1,277,"""2018-09-13T00:00:00.000Z""",0.83,2589,0.29,1082
14476184,San Pedro,Vaca,Vacía,103.1,270,"""2018-09-13T00:00:00.000Z""",0.92,2813,0.27,1016
10591199,San Pedro,Vaca,Preñada,104.2,338,"""2018-09-13T00:00:00.000Z""",1,3112,0.38,1382
10591198,San Pedro,Vaca,Preñada,104.2,326,"""2018-09-13T00:00:00.000Z""",0.96,2984,0.24,982
10591196,San Pedro,Vaca,Preñada,104.2,293,"""2018-09-13T00:00:00.000Z""",0.54,1796,0.18,800
10591194,San Pedro,Vaca,Vacía,104.2,308,"""2018-09-13T00:00:00.000Z""",0.54,1811,0.27,1054
10591187,San Pedro,Vaca,Preñada,104.2,303,"""2018-09-13T00:00:00.000Z""",0.79,2499,0.22,900
10591099,San Pedro,Vaca,Vacía,105.2,328,"""2018-09-13T00:00:00.000Z""",0.04,444,0.35,1312
14475906,San Pedro,Vaca,Preñada,104.2,331,"""2018-08-20T00:00:00.000Z""",0.62,2053,0.77,2480
4264010,San Pedro,Vaca,Vacía,162.2,33,"""2018-07-26T00:00:00.000Z""",,,,
19219885,San Pedro,Toro,,117.2,546,"""2018-06-21T00:00:00.000Z""",,,,
18086765,San Pedro,Toro,,115.8,592,"""2018-06-21T00:00:00.000Z""",,,,
18086766,San Pedro,Toro,,114.1,602,"""2018-06-21T00:00:00.000Z""",,,,
14475681,San Pedro,Toro,,104.2,308,"""2018-06-21T00:00:00.000Z""",,,,
14475685,San Pedro,Toro,,104.2,302,"""2018-06-21T00:00:00.000Z""",,,,
18086767,San Pedro,Toro,,114.1,608,"""2018-06-21T00:00:00.000Z""",,,,
21430632,San Pedro,Toro,,104.2,342,"""2018-06-21T00:00:00.000Z""",,,,
10591074,San Pedro,Toro,,105.2,310,"""2018-06-21T00:00:00.000Z""",,,,
18859774,San Pedro,Toro,,114.1,578,"""2018-06-21T00:00:00.000Z""",,,,
18086770,San Pedro,Toro,,104.2,321,"""2018-06-21T00:00:00.000Z""",,,,
14476333,San Pedro,Toro,,114.1,554,"""2018-06-21T00:00:00.000Z""",,,,
18086760,San Pedro,Toro,,114.1,602,"""2018-06-21T00:00:00.000Z""",,,,
18086763,San Pedro,Toro,,114.1,586,"""2018-06-21T00:00:00.000Z""",,,,
18086764,San Pedro,Toro,,114.1,610,"""2018-06-21T00:00:00.000Z""",,,,
10591185,San Pedro,Toro,,104.2,332,"""2018-06-21T00:00:00.000Z""",,,,
21430676,San Pedro,Toro,,114.1,582,"""2018-06-21T00:00:00.000Z""",,,,
25005400,San Pedro,Toro,,104.2,319,"""2018-06-21T00:00:00.000Z""",,,,
14475726,San Pedro,Toro,,104.2,307,"""2018-06-21T00:00:00.000Z""",,,,
14475649,San Pedro,Toro,,104.2,301,"""2018-06-21T00:00:00.000Z""",,,,
21430653,San Pedro,Toro,,114.1,518,"""2018-06-21T00:00:00.000Z""",,,,
14475795,San Pedro,Toro,,104.2,322,"""2018-06-21T00:00:00.000Z""",,,,
4220907,San Pedro,Vaca,Vacía,187.2,820,"""2018-06-19T00:00:00.000Z""",,,,
10590815,San Pedro,Vaca,Parida,270.3,508,"""2018-06-19T00:00:00.000Z""",,,,
10590809,San Pedro,Vaca,Vacía,174.2,730,"""2018-06-19T00:00:00.000Z""",,,,
10590799,San Pedro,Vaca,Preñada,173.2,658,"""2018-06-19T00:00:00.000Z""",,,,
25836361,San Pedro,Vaca,Preñada,159.2,538,"""2018-06-19T00:00:00.000Z""",,,,
10590795,San Pedro,Vaca,Vacía,220.2,690,"""2018-06-19T00:00:00.000Z""",,,,
10590426,San Pedro,Vaca,Preñada,138.2,512,"""2018-06-19T00:00:00.000Z""",,,,
10590417,San Pedro,Vaca,Parida,138.2,542,"""2018-06-19T00:00:00.000Z""",,,,
10590250,San Pedro,Vaca,Vacía,138.2,504,"""2018-06-19T00:00:00.000Z""",,,,
10590180,San Pedro,Vaca,Preñada,139.2,510,"""2018-06-19T00:00:00.000Z""",,,,
4298649,San Pedro,Vaca,Preñada,139.2,564,"""2018-06-19T00:00:00.000Z""",,,,
4298007,San Pedro,Vaca,Preñada,147.2,564,"""2018-06-19T00:00:00.000Z""",,,,
4297581,San Pedro,Vaca,Preñada,149.2,638,"""2018-06-19T00:00:00.000Z""",,,,
4296996,San Pedro,Vaca,Vacía,151.2,568,"""2018-06-19T00:00:00.000Z""",,,,
4282545,San Pedro,Vaca,Vacía,152.2,602,"""2018-06-19T00:00:00.000Z""",,,,
4282524,San Pedro,Vaca,Vacía,152.2,678,"""2018-06-19T00:00:00.000Z""",,,,
18086759,San Pedro,Vaca,Preñada,186.2,746,"""2018-06-19T00:00:00.000Z""",,,,
16465000,San Pedro,Vaca,Vacía,150.2,562,"""2018-06-19T00:00:00.000Z""",,,,
4264674,San Pedro,Vaca,Vacía,158.1,634,"""2018-06-19T00:00:00.000Z""",,,,
4264649,San Pedro,Vaca,Vacía,158.1,614,"""2018-06-19T00:00:00.000Z""",,,,
4264457,San Pedro,Vaca,Preñada,159.2,634,"""2018-06-19T00:00:00.000Z""",,,,
4264347,San Pedro,Vaca,Preñada,160.2,495,"""2018-06-19T00:00:00.000Z""",,,,
4264216,San Pedro,Vaca,Preñada,160.2,588,"""2018-06-19T00:00:00.000Z""",,,,
20055828,San Pedro,Vaca,Vacía,139.2,491,"""2018-06-19T00:00:00.000Z""",,,,
20055838,San Pedro,Vaca,Vacía,176.2,718,"""2018-06-19T00:00:00.000Z""",,,,
4264060,San Pedro,Vaca,Vacía,161.2,648,"""2018-06-19T00:00:00.000Z""",,,,
20055874,San Pedro,Vaca,Vacía,152.2,628,"""2018-06-19T00:00:00.000Z""",,,,
4263861,San Pedro,Vaca,Preñada,162.2,526,"""2018-06-19T00:00:00.000Z""",,,,
4263734,San Pedro,Vaca,Preñada,162.2,642,"""2018-06-19T00:00:00.000Z""",,,,
21430657,San Pedro,Vaca,Preñada,148.2,646,"""2018-06-19T00:00:00.000Z""",,,,
4263672,San Pedro,Vaca,Vacía,162.2,646,"""2018-06-19T00:00:00.000Z""",,,,
4263665,San Pedro,Vaca,Vacía,162.2,624,"""2018-06-19T00:00:00.000Z""",,,,
4263629,San Pedro,Vaca,Vacía,162.2,708,"""2018-06-19T00:00:00.000Z""",,,,
4263533,San Pedro,Vaca,Preñada,163.2,552,"""2018-06-19T00:00:00.000Z""",,,,
4263520,San Pedro,Vaca,Preñada,163.2,692,"""2018-06-19T00:00:00.000Z""",,,,
4263519,San Pedro,Vaca,Preñada,163.2,578,"""2018-06-19T00:00:00.000Z""",,,,
4263492,San Pedro,Vaca,Preñada,163.2,702,"""2018-06-19T00:00:00.000Z""",,,,
4237418,San Pedro,Vaca,Vacía,171.2,618,"""2018-06-19T00:00:00.000Z""",,,,
4237259,San Pedro,Vaca,Preñada,173.2,614,"""2018-06-19T00:00:00.000Z""",,,,
4236909,San Pedro,Vaca,Preñada,175.2,708,"""2018-06-19T00:00:00.000Z""",,,,
4236870,San Pedro,Vaca,Preñada,175.2,646,"""2018-06-19T00:00:00.000Z""",,,,
4236726,San Pedro,Vaca,Preñada,175.2,584,"""2018-06-19T00:00:00.000Z""",,,,
4236659,San Pedro,Vaca,Preñada,175.2,934,"""2018-06-19T00:00:00.000Z""",,,,
4228783,San Pedro,Vaca,Preñada,185.7,596,"""2018-06-19T00:00:00.000Z""",,,,
4221146,San Pedro,Vaca,Preñada,186.2,632,"""2018-06-19T00:00:00.000Z""",,,,
4220988,San Pedro,Vaca,Vacía,186.2,650,"""2018-06-19T00:00:00.000Z""",,,,
4220955,San Pedro,Vaca,Preñada,186.2,656,"""2018-06-19T00:00:00.000Z""",,,,
4220006,San Pedro,Vaca,Vacía,174.2,602,"""2018-06-19T00:00:00.000Z""",,,,
10591004,San Pedro,Vaca,Vacía,186.2,710,"""2018-06-19T00:00:00.000Z""",,,,
10590934,San Pedro,Vaca,Vacía,163,634,"""2018-06-19T00:00:00.000Z""",,,,
10590919,San Pedro,Vaca,Preñada,186.2,708,"""2018-06-19T00:00:00.000Z""",,,,
10590839,San Pedro,Vaca,Parida,263.4,500,"""2018-06-19T00:00:00.000Z""",,,,
4220970,San Pedro,Vaca,Vacía,186.2,680,"""2018-06-14T00:00:00.000Z""",,,,
21430694,San Pedro,Vaca,Preñada,175.2,606,"""2018-06-14T00:00:00.000Z""",,,,
4297178,San Pedro,Vaca,Vacía,150.2,594,"""2018-06-14T00:00:00.000Z""",,,,
4264092,San Pedro,Vaca,Vacía,161.2,640,"""2018-06-14T00:00:00.000Z""",,,,
4220788,San Pedro,Vaca,Preñada,186.2,722,"""2018-06-14T00:00:00.000Z""",,,,
4264372,San Pedro,Vaca,Parida,159.7,470,"""2018-06-14T00:00:00.000Z""",,,,
4220288,San Pedro,Vaca,Vacía,175.2,552,"""2018-06-14T00:00:00.000Z""",,,,
4297255,San Pedro,Vaca,Vacía,150.2,626,"""2018-06-14T00:00:00.000Z""",,,,
4297869,San Pedro,Vaca,Preñada,148.2,612,"""2018-06-14T00:00:00.000Z""",,,,
4298457,San Pedro,Vaca,Preñada,139.7,478,"""2018-06-14T00:00:00.000Z""",,,,
4263477,San Pedro,Vaca,Preñada,163.2,704,"""2018-06-14T00:00:00.000Z""",,,,
4263339,San Pedro,Vaca,Vacía,163.2,629,"""2018-06-14T00:00:00.000Z""",,,,
4221184,San Pedro,Vaca,Preñada,186.2,760,"""2018-06-14T00:00:00.000Z""",,,,
10590918,San Pedro,Vaca,Preñada,184.2,724,"""2018-06-14T00:00:00.000Z""",,,,
4263728,San Pedro,Vaca,Vacía,162.2,610,"""2018-06-14T00:00:00.000Z""",,,,
4221523,San Pedro,Vaca,Preñada,184.2,672,"""2018-06-14T00:00:00.000Z""",,,,
10590796,San Pedro,Vaca,Vacía,160.2,600,"""2018-06-14T00:00:00.000Z""",,,,
4264698,San Pedro,Vaca,Vacía,158.1,556,"""2018-06-14T00:00:00.000Z""",,,,
4282346,San Pedro,Vaca,Vacía,152.2,628,"""2018-06-14T00:00:00.000Z""",,,,
4282385,San Pedro,Vaca,Preñada,152.2,602,"""2018-06-14T00:00:00.000Z""",,,,
20055868,San Pedro,Vaca,Vacía,172.2,654,"""2018-06-14T00:00:00.000Z""",,,,
16464839,San Pedro,Vaca,Preñada,187.2,672,"""2018-06-14T00:00:00.000Z""",,,,
16464999,San Pedro,Vaca,Vacía,157.2,640,"""2018-06-14T00:00:00.000Z""",,,,
4282397,San Pedro,Vaca,Preñada,152.2,758,"""2018-06-14T00:00:00.000Z""",,,,
4282429,San Pedro,Vaca,Vacía,152.2,664,"""2018-06-14T00:00:00.000Z""",,,,
16464805,San Pedro,Vaca,Preñada,150.2,572,"""2018-06-14T00:00:00.000Z""",,,,
4296925,San Pedro,Vaca,Preñada,151.2,650,"""2018-06-14T00:00:00.000Z""",,,,
4221308,San Pedro,Vaca,Vacía,185.2,552,"""2018-06-14T00:00:00.000Z""",,,,
25836163,San Pedro,Vaca,Vacía,115.2,472,"""2018-06-13T00:00:00.000Z""",,,,
25836209,San Pedro,Vaca,Vacía,115.3,456,"""2018-06-13T00:00:00.000Z""",,,,
25836240,San Pedro,Vaca,Preñada,116,498,"""2018-06-13T00:00:00.000Z""",,,,
25836370,San Pedro,Vaca,Vacía,116.1,452,"""2018-06-13T00:00:00.000Z""",,,,
12546487,San Pedro,Vaca,Preñada,117.8,480,"""2018-06-13T00:00:00.000Z""",,,,
12688082,San Pedro,Vaca,Vacía,116.6,487,"""2018-06-13T00:00:00.000Z""",,,,
12688099,San Pedro,Vaca,Preñada,116.4,442,"""2018-06-13T00:00:00.000Z""",,,,
12688123,San Pedro,Vaca,Vacía,116.9,461,"""2018-06-13T00:00:00.000Z""",,,,
22620328,San Pedro,Vaca,Preñada,114.9,486,"""2018-06-13T00:00:00.000Z""",,,,
12688138,San Pedro,Vaca,Vacía,116.1,442,"""2018-06-13T00:00:00.000Z""",,,,
12688181,San Pedro,Vaca,Vacía,115.9,452,"""2018-06-13T00:00:00.000Z""",,,,
12688208,San Pedro,Vaca,Vacía,115.9,434,"""2018-06-13T00:00:00.000Z""",,,,
21430656,San Pedro,Vaca,Preñada,117.4,491,"""2018-06-13T00:00:00.000Z""",,,,
12688260,San Pedro,Vaca,Vacía,115.7,413,"""2018-06-13T00:00:00.000Z""",,,,
12688365,San Pedro,Vaca,Vacía,115.4,484,"""2018-06-13T00:00:00.000Z""",,,,
12688443,San Pedro,Vaca,Preñada,115.2,459,"""2018-06-13T00:00:00.000Z""",,,,
12688502,San Pedro,Vaca,Vacía,115.1,471,"""2018-06-13T00:00:00.000Z""",,,,
12688532,San Pedro,Vaca,Preñada,115.1,430,"""2018-06-13T00:00:00.000Z""",,,,
12688682,San Pedro,Vaca,Preñada,114.6,432,"""2018-06-13T00:00:00.000Z""",,,,
12688737,San Pedro,Vaca,Vacía,114.4,478,"""2018-06-13T00:00:00.000Z""",,,,
12688783,San Pedro,Vaca,Vacía,114.3,462,"""2018-06-13T00:00:00.000Z""",,,,
16464873,San Pedro,Vaca,Preñada,115.1,440,"""2018-06-13T00:00:00.000Z""",,,,
